"nachname","vorname","ort","partei","titel","geschaeftsnummer"
"Rüegg","Jost","Kreuzlingen","GRÜNE","Einfache Anfrage von Jost Rüegg vom 5. Juni 2024 \"Bewilligungspraxis adaptiver 5G-Mobilfunkantennen im Thurgau\"","2024/EA 1/23"
"Ammann","Reto","Kreuzlingen","GLP","Einfache Anfrage von Reto Ammann vom 5. Juni 2024 \"Vom Erziehungsdepartement zum Bildungsdepartement\"","2024/EA 2/24"
"Opprecht","Andreas","Sulgen","FDP","Einfache Anfrage von Andreas Opprecht, Maja Brühlmann Zwahlen vom 5. Juni 2024 \"Bald keine Poststellen mehr im Thurgau?\"","2024/EA 3/25"
"Brühlmann Zwahlen","Maja","Sulgen","SVP","Einfache Anfrage von Andreas Opprecht, Maja Brühlmann Zwahlen vom 5. Juni 2024 \"Bald keine Poststellen mehr im Thurgau?\"","2024/EA 3/25"
"Greber","Kenny","Weinfelden","SP","Interpellation von Kenny Greber, Turi Schallenberg vom 5. Juni 2024 \"Koordinierter Umgang mit Staatsverweigerern und Reichsbürgern\"","2024/IN 1/26"
"Schallenberg","Turi","Bürglen","SP","Interpellation von Kenny Greber, Turi Schallenberg vom 5. Juni 2024 \"Koordinierter Umgang mit Staatsverweigerern und Reichsbürgern\"","2024/IN 1/26"
"Ammann","Reto","Kreuzlingen","GLP","Motion von Reto Ammann, Stephan Tobler, Daniel Eugster, Alexander Sigg vom 5. Juni 2024 \"Warme Progression analog der kalten Progression gesetzlich regeln. Anpassung der Steuertabellen an den Nominallohnindex, entlastet die Wirtschaft und die Haushalte\"","2024/MO 1/27"
"Tobler","Stephan","Egnach","SVP","Motion von Reto Ammann, Stephan Tobler, Daniel Eugster, Alexander Sigg vom 5. Juni 2024 \"Warme Progression analog der kalten Progression gesetzlich regeln. Anpassung der Steuertabellen an den Nominallohnindex, entlastet die Wirtschaft und die Haushalte\"","2024/MO 1/27"
"Eugster","Daniel","Freidorf","FDP","Motion von Reto Ammann, Stephan Tobler, Daniel Eugster, Alexander Sigg vom 5. Juni 2024 \"Warme Progression analog der kalten Progression gesetzlich regeln. Anpassung der Steuertabellen an den Nominallohnindex, entlastet die Wirtschaft und die Haushalte\"","2024/MO 1/27"
"Sigg","Alexander","Wallenwil","GLP","Motion von Reto Ammann, Stephan Tobler, Daniel Eugster, Alexander Sigg vom 5. Juni 2024 \"Warme Progression analog der kalten Progression gesetzlich regeln. Anpassung der Steuertabellen an den Nominallohnindex, entlastet die Wirtschaft und die Haushalte\"","2024/MO 1/27"
"Martin","Oliver","Leimbach","SVP","Motion von Oliver Martin, Franz Eugster, Elisabeth Rickenbach, Brigitta Engeli vom 5. Juni 2024 \"Zum Schutz und Verständlichkeit der deutschen Sprache\"","2024/MO 2/28"
"Eugster","Franz","Bischofszell","Die Mitte","Motion von Oliver Martin, Franz Eugster, Elisabeth Rickenbach, Brigitta Engeli vom 5. Juni 2024 \"Zum Schutz und Verständlichkeit der deutschen Sprache\"","2024/MO 2/28"
"Rickenbach","Elisabeth","Thundorf","EVP","Motion von Oliver Martin, Franz Eugster, Elisabeth Rickenbach, Brigitta Engeli vom 5. Juni 2024 \"Zum Schutz und Verständlichkeit der deutschen Sprache\"","2024/MO 2/28"
"Engeli-Sager","Brigitta","Kreuzlingen","GRÜNE","Motion von Oliver Martin, Franz Eugster, Elisabeth Rickenbach, Brigitta Engeli vom 5. Juni 2024 \"Zum Schutz und Verständlichkeit der deutschen Sprache\"","2024/MO 2/28"
"Stähelin","Beda","Frauenfeld","Die Mitte","Motion von Beda Stähelin, Hermann Lei, Michèle Strähl vom 5. Juni 2024 \"Gerichtskostenreduktion bei Begründungsverzicht\"","2024/MO 3/29"
"Lei","Hermann","Frauenfeld","SVP","Motion von Beda Stähelin, Hermann Lei, Michèle Strähl vom 5. Juni 2024 \"Gerichtskostenreduktion bei Begründungsverzicht\"","2024/MO 3/29"
"Strähl-Obrist","Michèle","Weinfelden","FDP","Motion von Beda Stähelin, Hermann Lei, Michèle Strähl vom 5. Juni 2024 \"Gerichtskostenreduktion bei Begründungsverzicht\"","2024/MO 3/29"
"Keller","Heinz","Kradolf","SVP","Einfache Anfrage von Heinz Keller, Martina Pfiffner Müller, Ciril Schmidiger, Raffaella Strähl-D'Ambrosio vom 19. Juni 2024 \"Private Spitex-Anbieter erwirtschaften Dividenden auf Kosten von Kanton und Gemeinden\"","2024/EA 4/31"
"Pfiffner Müller","Martina","Gachnang","FDP","Einfache Anfrage von Heinz Keller, Martina Pfiffner Müller, Ciril Schmidiger, Raffaella Strähl-D'Ambrosio vom 19. Juni 2024 \"Private Spitex-Anbieter erwirtschaften Dividenden auf Kosten von Kanton und Gemeinden\"","2024/EA 4/31"
"Schmidiger","Ciril","Oberhofen","SVP","Einfache Anfrage von Heinz Keller, Martina Pfiffner Müller, Ciril Schmidiger, Raffaella Strähl-D'Ambrosio vom 19. Juni 2024 \"Private Spitex-Anbieter erwirtschaften Dividenden auf Kosten von Kanton und Gemeinden\"","2024/EA 4/31"
"Strähl-D’Ambrosio","Raffaella","Siegershausen","SVP","Einfache Anfrage von Heinz Keller, Martina Pfiffner Müller, Ciril Schmidiger, Raffaella Strähl-D'Ambrosio vom 19. Juni 2024 \"Private Spitex-Anbieter erwirtschaften Dividenden auf Kosten von Kanton und Gemeinden\"","2024/EA 4/31"
"Martin","Oliver","Leimbach","SVP","Einfache Anfrage von Oliver Martin, Marcel Wittwer, Beat Stump vom 19. Juni 2024 \"Überprüfung der ausserordentlichen Regelung des Ruhegehalts für den Regierungsrat\"","2024/EA 5/32"
"Wittwer","Marcel","Schocherswil","EDU","Einfache Anfrage von Oliver Martin, Marcel Wittwer, Beat Stump vom 19. Juni 2024 \"Überprüfung der ausserordentlichen Regelung des Ruhegehalts für den Regierungsrat\"","2024/EA 5/32"
"Stump","Beat","Buchackern","SVP","Einfache Anfrage von Oliver Martin, Marcel Wittwer, Beat Stump vom 19. Juni 2024 \"Überprüfung der ausserordentlichen Regelung des Ruhegehalts für den Regierungsrat\"","2024/EA 5/32"
"Lei","Hermann","Frauenfeld","SVP","Motion von Hermann Lei, Franz Eugster, Marcel Wittwer, Aline Indergand, Oliver Martin vom 19. Juni 2024 \"Islamschulen an der Volksschule?\"","2024/MO 4/33"
"Eugster","Franz","Bischofszell","Die Mitte","Motion von Hermann Lei, Franz Eugster, Marcel Wittwer, Aline Indergand, Oliver Martin vom 19. Juni 2024 \"Islamschulen an der Volksschule?\"","2024/MO 4/33"
"Wittwer","Marcel","Schocherswil","EDU","Motion von Hermann Lei, Franz Eugster, Marcel Wittwer, Aline Indergand, Oliver Martin vom 19. Juni 2024 \"Islamschulen an der Volksschule?\"","2024/MO 4/33"
"Indergand","Aline","Altnau","SVP","Motion von Hermann Lei, Franz Eugster, Marcel Wittwer, Aline Indergand, Oliver Martin vom 19. Juni 2024 \"Islamschulen an der Volksschule?\"","2024/MO 4/33"
"Martin","Oliver","Leimbach","SVP","Motion von Hermann Lei, Franz Eugster, Marcel Wittwer, Aline Indergand, Oliver Martin vom 19. Juni 2024 \"Islamschulen an der Volksschule?\"","2024/MO 4/33"
"Indergand","Aline","Altnau","SVP","Interpellation von Aline Indergand, Hermann Lei, Franz Eugster, Andreas Opprecht vom 19. Juni 2024 \"kriminelle Clan-Strukturen im Kanton Thurgau\"","2024/IN 2/34"
"Lei","Hermann","Frauenfeld","SVP","Interpellation von Aline Indergand, Hermann Lei, Franz Eugster, Andreas Opprecht vom 19. Juni 2024 \"kriminelle Clan-Strukturen im Kanton Thurgau\"","2024/IN 2/34"
"Eugster","Franz","Bischofszell","Die Mitte","Interpellation von Aline Indergand, Hermann Lei, Franz Eugster, Andreas Opprecht vom 19. Juni 2024 \"kriminelle Clan-Strukturen im Kanton Thurgau\"","2024/IN 2/34"
"Opprecht","Andreas","Sulgen","FDP","Interpellation von Aline Indergand, Hermann Lei, Franz Eugster, Andreas Opprecht vom 19. Juni 2024 \"kriminelle Clan-Strukturen im Kanton Thurgau\"","2024/IN 2/34"
"Wolfer","Stefan","Weinfelden","SVP","Einfache Anfrage von Stefan Wolfer vom 3. Juli 2024 \"Amtsenthebungsverfahren von Einzelmitgliedern in Exekutivämtern von Behörden\"","2024/EA 6/36"
"Strähl-Obrist","Michèle","Weinfelden","FDP","Einfache Anfrage von Michèle Strähl-Obrist vom 3. Juli 2024 \"Haben wir bald Thurgauer Polizisten ohne Schweizer Pass?\"","2024/EA 7/37"
"Peter Köstli","Sabina","Hüttwilen","Die Mitte","Einfache Anfrage von Sabina Peter Köstli, Barbara Dätwyler Weber vom 3. Juli 2024 \"Schutz und Prävention für Sexarbeitende im Thurgau\"","2024/EA 8/38"
"Dätwyler Weber","Barbara","Frauenfeld","SP","Einfache Anfrage von Sabina Peter Köstli, Barbara Dätwyler Weber vom 3. Juli 2024 \"Schutz und Prävention für Sexarbeitende im Thurgau\"","2024/EA 8/38"
"Schildknecht","Benno","Hagenwil b. Amriswil","Die Mitte","Motion von Benno Schildknecht, Andreas Guhl, Josef Gemperle, Daniel Vetterli vom 3. Juli 2024 \"Anpassung Thurgauer Enteignungsgesetz TG EntG\"","2024/MO 5/39"
"Guhl","Andreas","Oppikon","Die Mitte","Motion von Benno Schildknecht, Andreas Guhl, Josef Gemperle, Daniel Vetterli vom 3. Juli 2024 \"Anpassung Thurgauer Enteignungsgesetz TG EntG\"","2024/MO 5/39"
"Gemperle","Josef","Fischingen","Die Mitte","Motion von Benno Schildknecht, Andreas Guhl, Josef Gemperle, Daniel Vetterli vom 3. Juli 2024 \"Anpassung Thurgauer Enteignungsgesetz TG EntG\"","2024/MO 5/39"
"Vetterli","Daniel","Rheinklingen","SVP","Motion von Benno Schildknecht, Andreas Guhl, Josef Gemperle, Daniel Vetterli vom 3. Juli 2024 \"Anpassung Thurgauer Enteignungsgesetz TG EntG\"","2024/MO 5/39"
"Leuthold","Stefan","Frauenfeld","GLP","Motion von Stefan Leuthold, Patrick Siegenthaler, Marina Bruggmann, Sandra Reinhart, Christian Mader, Robin Spiri vom 3. Juli 2024 \"Wahlen und Abstimmungen im öffentlichen Raum sichtbar machen\"","2024/MO 6/40"
"Siegenthaler","Patrick","Herdern","Die Mitte","Motion von Stefan Leuthold, Patrick Siegenthaler, Marina Bruggmann, Sandra Reinhart, Christian Mader, Robin Spiri vom 3. Juli 2024 \"Wahlen und Abstimmungen im öffentlichen Raum sichtbar machen\"","2024/MO 6/40"
"Bruggmann","Marina","Salmsach","SP","Motion von Stefan Leuthold, Patrick Siegenthaler, Marina Bruggmann, Sandra Reinhart, Christian Mader, Robin Spiri vom 3. Juli 2024 \"Wahlen und Abstimmungen im öffentlichen Raum sichtbar machen\"","2024/MO 6/40"
"Reinhart","Sandra","Amriswil","GRÜNE","Motion von Stefan Leuthold, Patrick Siegenthaler, Marina Bruggmann, Sandra Reinhart, Christian Mader, Robin Spiri vom 3. Juli 2024 \"Wahlen und Abstimmungen im öffentlichen Raum sichtbar machen\"","2024/MO 6/40"
"Mader","Christian","Frauenfeld","EDU","Motion von Stefan Leuthold, Patrick Siegenthaler, Marina Bruggmann, Sandra Reinhart, Christian Mader, Robin Spiri vom 3. Juli 2024 \"Wahlen und Abstimmungen im öffentlichen Raum sichtbar machen\"","2024/MO 6/40"
"Spiri","Robin","Amriswil","Aufrecht","Motion von Stefan Leuthold, Patrick Siegenthaler, Marina Bruggmann, Sandra Reinhart, Christian Mader, Robin Spiri vom 3. Juli 2024 \"Wahlen und Abstimmungen im öffentlichen Raum sichtbar machen\"","2024/MO 6/40"
"Macedo","Gabriel",,"FDP","Interpellation von Gabriel Macedo, Simon Wolfer, Thomas Niederberger, Roger Martin, René Walther, Anders Stokholm, Markus Birk vom 14. August 2024 \"Wirkung des kantonalen Finanzausgleichs\"","2024/IN 3/42"
"Wolfer","Simon",,"Die Mitte","Interpellation von Gabriel Macedo, Simon Wolfer, Thomas Niederberger, Roger Martin, René Walther, Anders Stokholm, Markus Birk vom 14. August 2024 \"Wirkung des kantonalen Finanzausgleichs\"","2024/IN 3/42"
"Niederberger","Thomas",,"FDP","Interpellation von Gabriel Macedo, Simon Wolfer, Thomas Niederberger, Roger Martin, René Walther, Anders Stokholm, Markus Birk vom 14. August 2024 \"Wirkung des kantonalen Finanzausgleichs\"","2024/IN 3/42"
"Martin","Roger",,"Die Mitte","Interpellation von Gabriel Macedo, Simon Wolfer, Thomas Niederberger, Roger Martin, René Walther, Anders Stokholm, Markus Birk vom 14. August 2024 \"Wirkung des kantonalen Finanzausgleichs\"","2024/IN 3/42"
"Walther","René",,"FDP","Interpellation von Gabriel Macedo, Simon Wolfer, Thomas Niederberger, Roger Martin, René Walther, Anders Stokholm, Markus Birk vom 14. August 2024 \"Wirkung des kantonalen Finanzausgleichs\"","2024/IN 3/42"
"Stokholm","Anders",,"FDP","Interpellation von Gabriel Macedo, Simon Wolfer, Thomas Niederberger, Roger Martin, René Walther, Anders Stokholm, Markus Birk vom 14. August 2024 \"Wirkung des kantonalen Finanzausgleichs\"","2024/IN 3/42"
"Birk","Markus",,"SP","Interpellation von Gabriel Macedo, Simon Wolfer, Thomas Niederberger, Roger Martin, René Walther, Anders Stokholm, Markus Birk vom 14. August 2024 \"Wirkung des kantonalen Finanzausgleichs\"","2024/IN 3/42"
"Lei","Hermann",,"SVP","Einfache Anfrage von Hermann Lei vom 14. August 2024 \"Umsetzung Windenergie im Thurgau\"","2024/EA 9/43"
"Macedo","Gabriel",,"FDP","Einfache Anfrage von Gabriel Macedo vom 14. August 2024 \"Negative Auswirkungen einer nationalen Erbschaftssteuer auf Familienunternehmen im Kanton Thurgau\"","2024/EA 10/44"
"Ammann","Reto",,"GLP","Interpellation von Reto Ammann, Marcel Preiss, Daniel Eugster, Nicole Zeitner, Attila Wohlrab, Felix Meier, Gabriel Walzthöny, Marcel Wittwer, Aline Indergand vom 14. August 2024 \"Handlungsalternativen im Investitionsbereich prüfen\"","2024/IN 4/45"
"Preiss","Marcel",,"GLP","Interpellation von Reto Ammann, Marcel Preiss, Daniel Eugster, Nicole Zeitner, Attila Wohlrab, Felix Meier, Gabriel Walzthöny, Marcel Wittwer, Aline Indergand vom 14. August 2024 \"Handlungsalternativen im Investitionsbereich prüfen\"","2024/IN 4/45"
"Eugster","Daniel",,"FDP","Interpellation von Reto Ammann, Marcel Preiss, Daniel Eugster, Nicole Zeitner, Attila Wohlrab, Felix Meier, Gabriel Walzthöny, Marcel Wittwer, Aline Indergand vom 14. August 2024 \"Handlungsalternativen im Investitionsbereich prüfen\"","2024/IN 4/45"
"Zeitner","Nicole",,"GLP","Interpellation von Reto Ammann, Marcel Preiss, Daniel Eugster, Nicole Zeitner, Attila Wohlrab, Felix Meier, Gabriel Walzthöny, Marcel Wittwer, Aline Indergand vom 14. August 2024 \"Handlungsalternativen im Investitionsbereich prüfen\"","2024/IN 4/45"
"Wohlrab","Attila",,"FDP","Interpellation von Reto Ammann, Marcel Preiss, Daniel Eugster, Nicole Zeitner, Attila Wohlrab, Felix Meier, Gabriel Walzthöny, Marcel Wittwer, Aline Indergand vom 14. August 2024 \"Handlungsalternativen im Investitionsbereich prüfen\"","2024/IN 4/45"
"Meier","Felix",,"SP","Interpellation von Reto Ammann, Marcel Preiss, Daniel Eugster, Nicole Zeitner, Attila Wohlrab, Felix Meier, Gabriel Walzthöny, Marcel Wittwer, Aline Indergand vom 14. August 2024 \"Handlungsalternativen im Investitionsbereich prüfen\"","2024/IN 4/45"
"Walzthöny","Gabriel",,"Die Mitte","Interpellation von Reto Ammann, Marcel Preiss, Daniel Eugster, Nicole Zeitner, Attila Wohlrab, Felix Meier, Gabriel Walzthöny, Marcel Wittwer, Aline Indergand vom 14. August 2024 \"Handlungsalternativen im Investitionsbereich prüfen\"","2024/IN 4/45"
"Wittwer","Marcel",,"EDU","Interpellation von Reto Ammann, Marcel Preiss, Daniel Eugster, Nicole Zeitner, Attila Wohlrab, Felix Meier, Gabriel Walzthöny, Marcel Wittwer, Aline Indergand vom 14. August 2024 \"Handlungsalternativen im Investitionsbereich prüfen\"","2024/IN 4/45"
"Indergand","Aline",,"SVP","Interpellation von Reto Ammann, Marcel Preiss, Daniel Eugster, Nicole Zeitner, Attila Wohlrab, Felix Meier, Gabriel Walzthöny, Marcel Wittwer, Aline Indergand vom 14. August 2024 \"Handlungsalternativen im Investitionsbereich prüfen\"","2024/IN 4/45"
"Macedo","Gabriel",,"FDP","Einfache Anfrage von Gabriel Macedo, Andreas Opprecht vom 28. August 2024 \"Immer weniger Traulokale im Thurgau\"","2024/EA 11/47"
"Opprecht","Andreas",,"FDP","Einfache Anfrage von Gabriel Macedo, Andreas Opprecht vom 28. August 2024 \"Immer weniger Traulokale im Thurgau\"","2024/EA 11/47"
"Siegenthaler","Patrick",,"Die Mitte","Einfache Anfrage von Patrick Siegenthaler, Christoph Regli vom 28. August 2024 \"Soll künftig eine Mindestanzahl von Mitunterzeichnende erforderlich sein, um einen Vorstoss überweisen zu können?\"","2024/EA 12/48"
"Regli","Christoph",,"Die Mitte","Einfache Anfrage von Patrick Siegenthaler, Christoph Regli vom 28. August 2024 \"Soll künftig eine Mindestanzahl von Mitunterzeichnende erforderlich sein, um einen Vorstoss überweisen zu können?\"","2024/EA 12/48"
"Ricklin","Judith",,"SVP","Motion von Judith Ricklin, Sabina Peter Köstli, Christian Mader, Manuela Fritschi, Stefan Leuthold, Traudi Schönegger, Cornelia Hauser vom 28. August 2024 \"Schaffung der Gewährung der Sonderschulung für Kinder und Jugendliche mit Behinderung gemäss Art. 62 Abs. 3 BV\"","2024/MO 7/49"
"Peter Köstli","Sabina",,"Die Mitte","Motion von Judith Ricklin, Sabina Peter Köstli, Christian Mader, Manuela Fritschi, Stefan Leuthold, Traudi Schönegger, Cornelia Hauser vom 28. August 2024 \"Schaffung der Gewährung der Sonderschulung für Kinder und Jugendliche mit Behinderung gemäss Art. 62 Abs. 3 BV\"","2024/MO 7/49"
"Mader","Christian",,"EDU","Motion von Judith Ricklin, Sabina Peter Köstli, Christian Mader, Manuela Fritschi, Stefan Leuthold, Traudi Schönegger, Cornelia Hauser vom 28. August 2024 \"Schaffung der Gewährung der Sonderschulung für Kinder und Jugendliche mit Behinderung gemäss Art. 62 Abs. 3 BV\"","2024/MO 7/49"
"Fritschi","Manuela",,"FDP","Motion von Judith Ricklin, Sabina Peter Köstli, Christian Mader, Manuela Fritschi, Stefan Leuthold, Traudi Schönegger, Cornelia Hauser vom 28. August 2024 \"Schaffung der Gewährung der Sonderschulung für Kinder und Jugendliche mit Behinderung gemäss Art. 62 Abs. 3 BV\"","2024/MO 7/49"
"Leuthold","Stefan",,"GLP","Motion von Judith Ricklin, Sabina Peter Köstli, Christian Mader, Manuela Fritschi, Stefan Leuthold, Traudi Schönegger, Cornelia Hauser vom 28. August 2024 \"Schaffung der Gewährung der Sonderschulung für Kinder und Jugendliche mit Behinderung gemäss Art. 62 Abs. 3 BV\"","2024/MO 7/49"
"Schönegger","Traudi",,"SP","Motion von Judith Ricklin, Sabina Peter Köstli, Christian Mader, Manuela Fritschi, Stefan Leuthold, Traudi Schönegger, Cornelia Hauser vom 28. August 2024 \"Schaffung der Gewährung der Sonderschulung für Kinder und Jugendliche mit Behinderung gemäss Art. 62 Abs. 3 BV\"","2024/MO 7/49"
"Hauser","Cornelia",,"GRÜNE","Motion von Judith Ricklin, Sabina Peter Köstli, Christian Mader, Manuela Fritschi, Stefan Leuthold, Traudi Schönegger, Cornelia Hauser vom 28. August 2024 \"Schaffung der Gewährung der Sonderschulung für Kinder und Jugendliche mit Behinderung gemäss Art. 62 Abs. 3 BV\"","2024/MO 7/49"
"Spiri","Robin",,"Aufrecht","Interpellation von Robin Spiri, Jacob Auer, Jost Rüegg, Oliver Martin, Marcel Wittwer, Dean Kradolfer vom 28. August 2024 \"Gewährleistung von Bargeldzahlungen in kantonalen Einrichtungen\"","2024/IN 5/50"
"Auer","Jacob",,"SP","Interpellation von Robin Spiri, Jacob Auer, Jost Rüegg, Oliver Martin, Marcel Wittwer, Dean Kradolfer vom 28. August 2024 \"Gewährleistung von Bargeldzahlungen in kantonalen Einrichtungen\"","2024/IN 5/50"
"Rüegg","Jost",,"GRÜNE","Interpellation von Robin Spiri, Jacob Auer, Jost Rüegg, Oliver Martin, Marcel Wittwer, Dean Kradolfer vom 28. August 2024 \"Gewährleistung von Bargeldzahlungen in kantonalen Einrichtungen\"","2024/IN 5/50"
"Martin","Oliver",,"SVP","Interpellation von Robin Spiri, Jacob Auer, Jost Rüegg, Oliver Martin, Marcel Wittwer, Dean Kradolfer vom 28. August 2024 \"Gewährleistung von Bargeldzahlungen in kantonalen Einrichtungen\"","2024/IN 5/50"
"Wittwer","Marcel",,"EDU","Interpellation von Robin Spiri, Jacob Auer, Jost Rüegg, Oliver Martin, Marcel Wittwer, Dean Kradolfer vom 28. August 2024 \"Gewährleistung von Bargeldzahlungen in kantonalen Einrichtungen\"","2024/IN 5/50"
"Kradolfer","Dean",,"FDP","Interpellation von Robin Spiri, Jacob Auer, Jost Rüegg, Oliver Martin, Marcel Wittwer, Dean Kradolfer vom 28. August 2024 \"Gewährleistung von Bargeldzahlungen in kantonalen Einrichtungen\"","2024/IN 5/50"
"Vetterli","Daniel",,"SVP","Interpellation von Daniel Vetterli, Aline Indergand vom 28. August 2024 \"Handyverbot an Thurgauer Volksschulen\"","2024/IN 6/51"
"Indergand","Aline",,"SVP","Interpellation von Daniel Vetterli, Aline Indergand vom 28. August 2024 \"Handyverbot an Thurgauer Volksschulen\"","2024/IN 6/51"
"Sontheim","Marion",,"SP","Interpellation von Marion Sontheim, Sandra Stadler, Ciril Schmidiger, Brigitta Engeli vom 28. August 2024 \"KulturLegi an den Musikschulen im Thurgau\"","2024/IN 7/52"
"Stadler","Sandra",,"Die Mitte","Interpellation von Marion Sontheim, Sandra Stadler, Ciril Schmidiger, Brigitta Engeli vom 28. August 2024 \"KulturLegi an den Musikschulen im Thurgau\"","2024/IN 7/52"
"Schmidiger","Ciril",,"SVP","Interpellation von Marion Sontheim, Sandra Stadler, Ciril Schmidiger, Brigitta Engeli vom 28. August 2024 \"KulturLegi an den Musikschulen im Thurgau\"","2024/IN 7/52"
"Engeli-Sager","Brigitta",,"GRÜNE","Interpellation von Marion Sontheim, Sandra Stadler, Ciril Schmidiger, Brigitta Engeli vom 28. August 2024 \"KulturLegi an den Musikschulen im Thurgau\"","2024/IN 7/52"
"Walzthöny","Gabriel",,"Die Mitte","Einfache Anfrage von Gabriel Walzthöny vom 11. September 2024 \"Ausgewogene und sachliche Information bei Abstimmungen\"","2024/EA 13/55"
"Engeli-Sager","Brigitta",,"GRÜNE","Einfache Anfrage von Brigitta Engeli-Sager vom 11. September 2024 \"Schule und Digitalität - Wohin steuert das Amt für Volksschule?\"","2024/EA 14/56"
"Dietz","Mathias",,"EVP","Einfache Anfrage von Mathias Dietz vom 11. September 2024 \"Mehr Sicherheit auf dem Schulweg - Leuchtwesten für die Thurgauer Schülerinnen und Schüler\"","2024/EA 15/57"
"Zbinden","Ruedi",,"SVP","Einfache Anfrage von Ruedi Zbinden, Heinz Keller, Raffaella Strähl-D'Ambrosio, Claude Brunner vom 11. September 2024 \"RRB 582 vom 27. August 2024 Ausbildungskapazitäten gemäss TG KVG und Bundesgesetz über die Förderung der Ausbildung im Bereich der Pflege\"","2024/EA 16/58"
"Keller","Heinz",,"SVP","Einfache Anfrage von Ruedi Zbinden, Heinz Keller, Raffaella Strähl-D'Ambrosio, Claude Brunner vom 11. September 2024 \"RRB 582 vom 27. August 2024 Ausbildungskapazitäten gemäss TG KVG und Bundesgesetz über die Förderung der Ausbildung im Bereich der Pflege\"","2024/EA 16/58"
"Strähl-D'Ambrosio","Raffaella",,"SVP","Einfache Anfrage von Ruedi Zbinden, Heinz Keller, Raffaella Strähl-D'Ambrosio, Claude Brunner vom 11. September 2024 \"RRB 582 vom 27. August 2024 Ausbildungskapazitäten gemäss TG KVG und Bundesgesetz über die Förderung der Ausbildung im Bereich der Pflege\"","2024/EA 16/58"
"Brunner","Claude",,"SVP","Einfache Anfrage von Ruedi Zbinden, Heinz Keller, Raffaella Strähl-D'Ambrosio, Claude Brunner vom 11. September 2024 \"RRB 582 vom 27. August 2024 Ausbildungskapazitäten gemäss TG KVG und Bundesgesetz über die Förderung der Ausbildung im Bereich der Pflege\"","2024/EA 16/58"
"Greber","Kenny",,"SP","Motion von Kenny Greber, Turi Schallenberg, Cornelia Hauser, Ulrich Graf, Corinna Pasche-Strasser, Mathias Dietz, Celina Hug, Cornelia Hasler-Roost, Robin Spiri vom 11. September 2024 \"Vermögensfreibetrag in der Sozialhilfe\"","2024/MO 8/59"
"Schallenberg","Turi",,"SP","Motion von Kenny Greber, Turi Schallenberg, Cornelia Hauser, Ulrich Graf, Corinna Pasche-Strasser, Mathias Dietz, Celina Hug, Cornelia Hasler-Roost, Robin Spiri vom 11. September 2024 \"Vermögensfreibetrag in der Sozialhilfe\"","2024/MO 8/59"
"Hauser","Cornelia",,"GRÜNE","Motion von Kenny Greber, Turi Schallenberg, Cornelia Hauser, Ulrich Graf, Corinna Pasche-Strasser, Mathias Dietz, Celina Hug, Cornelia Hasler-Roost, Robin Spiri vom 11. September 2024 \"Vermögensfreibetrag in der Sozialhilfe\"","2024/MO 8/59"
"Graf","Ulrich",,"SVP","Motion von Kenny Greber, Turi Schallenberg, Cornelia Hauser, Ulrich Graf, Corinna Pasche-Strasser, Mathias Dietz, Celina Hug, Cornelia Hasler-Roost, Robin Spiri vom 11. September 2024 \"Vermögensfreibetrag in der Sozialhilfe\"","2024/MO 8/59"
"Pasche-Strasser","Corinna",,"Die Mitte","Motion von Kenny Greber, Turi Schallenberg, Cornelia Hauser, Ulrich Graf, Corinna Pasche-Strasser, Mathias Dietz, Celina Hug, Cornelia Hasler-Roost, Robin Spiri vom 11. September 2024 \"Vermögensfreibetrag in der Sozialhilfe\"","2024/MO 8/59"
"Dietz","Mathias",,"EVP","Motion von Kenny Greber, Turi Schallenberg, Cornelia Hauser, Ulrich Graf, Corinna Pasche-Strasser, Mathias Dietz, Celina Hug, Cornelia Hasler-Roost, Robin Spiri vom 11. September 2024 \"Vermögensfreibetrag in der Sozialhilfe\"","2024/MO 8/59"
"Hug","Celina",,"GLP","Motion von Kenny Greber, Turi Schallenberg, Cornelia Hauser, Ulrich Graf, Corinna Pasche-Strasser, Mathias Dietz, Celina Hug, Cornelia Hasler-Roost, Robin Spiri vom 11. September 2024 \"Vermögensfreibetrag in der Sozialhilfe\"","2024/MO 8/59"
"Spiri","Robin",,"Aufrecht","Motion von Kenny Greber, Turi Schallenberg, Cornelia Hauser, Ulrich Graf, Corinna Pasche-Strasser, Mathias Dietz, Celina Hug, Cornelia Hasler-Roost, Robin Spiri vom 11. September 2024 \"Vermögensfreibetrag in der Sozialhilfe\"","2024/MO 8/59"
"Rickenbach","Elisabeth",,"EVP","Motion von Elisabeth Rickenbach, Franz Eugster, Judith Ricklin, Barbara Dätwyler Weber, Nicole Zeitner, Brigitta Engeli-Sager, Lukas Madörin vom 11. September 2024 \"Verkaufsverbot von Einweg E-Zigaretten\"","2024/MO 9/60"
"Eugster","Franz",,"Die Mitte","Motion von Elisabeth Rickenbach, Franz Eugster, Judith Ricklin, Barbara Dätwyler Weber, Nicole Zeitner, Brigitta Engeli-Sager, Lukas Madörin vom 11. September 2024 \"Verkaufsverbot von Einweg E-Zigaretten\"","2024/MO 9/60"
"Ricklin","Judith",,"SVP","Motion von Elisabeth Rickenbach, Franz Eugster, Judith Ricklin, Barbara Dätwyler Weber, Nicole Zeitner, Brigitta Engeli-Sager, Lukas Madörin vom 11. September 2024 \"Verkaufsverbot von Einweg E-Zigaretten\"","2024/MO 9/60"
"Dätwyler Weber","Barbara",,"SP","Motion von Elisabeth Rickenbach, Franz Eugster, Judith Ricklin, Barbara Dätwyler Weber, Nicole Zeitner, Brigitta Engeli-Sager, Lukas Madörin vom 11. September 2024 \"Verkaufsverbot von Einweg E-Zigaretten\"","2024/MO 9/60"
"Zeitner","Nicole",,"GLP","Motion von Elisabeth Rickenbach, Franz Eugster, Judith Ricklin, Barbara Dätwyler Weber, Nicole Zeitner, Brigitta Engeli-Sager, Lukas Madörin vom 11. September 2024 \"Verkaufsverbot von Einweg E-Zigaretten\"","2024/MO 9/60"
"Engeli-Sager","Brigitta",,"GRÜNE","Motion von Elisabeth Rickenbach, Franz Eugster, Judith Ricklin, Barbara Dätwyler Weber, Nicole Zeitner, Brigitta Engeli-Sager, Lukas Madörin vom 11. September 2024 \"Verkaufsverbot von Einweg E-Zigaretten\"","2024/MO 9/60"
"Madörin","Lukas",,"EDU","Motion von Elisabeth Rickenbach, Franz Eugster, Judith Ricklin, Barbara Dätwyler Weber, Nicole Zeitner, Brigitta Engeli-Sager, Lukas Madörin vom 11. September 2024 \"Verkaufsverbot von Einweg E-Zigaretten\"","2024/MO 9/60"
"Tobler","Stephan",,"SVP","Parlamentarische Initiative von Stephan Tobler vom 11. September 2024 \"Gesetz über das Stimm- und Wahlrecht (StWG) vom 12. Februar 2014 (Stand 1. August 2014)\"","2024/PI 1/61"
"Senn-Bieri","Ursula",,"SP","Einfache Anfrage von Ursula Senn-Bieri vom 11. September 2024 \"Selektives Obligatorium Vorschulische Sprachförderung\"","2024/EA 17/62"
"Wiesli","Jürg",,"SVP","Einfache Anfrage von Jürg Wiesli vom 30. September 2024 \"Hohe Kosten einer fast vollzeitlichen Kinderbetreuung\"","2024/EA 18/65"
"Sontheim","Marion",,"SP","Einfache Anfrage von Marion Sontheim vom 30. September 2024 \"Elternbeiträge Klassenlager\"","2024/EA 19/66"
"Zeitner","Nicole",,"GLP","Einfache Anfrage von Nicole Zeitner, Celina Hug vom 30. September 2024 \"Umsetzung der Sexualstrafrechtsreform im Kanton Thurgau\"","2024/EA 20/67"
"Hug","Celina",,"GLP","Einfache Anfrage von Nicole Zeitner, Celina Hug vom 30. September 2024 \"Umsetzung der Sexualstrafrechtsreform im Kanton Thurgau\"","2024/EA 20/67"
"Hauser","Cornelia",,"GRÜNE","Einfache Anfrage von Cornelia Hauser, Nicole Zeitner, Elisabeth Rickenbach vom 30. September 2024 \"Ergänzungsleistungen zur Alters-, Hinterlassenen- und Invalidenversicherung - Tarifanpassung dringend nötig.","2024/EA 21/68"
"Zeitner","Nicole",,"GLP","Einfache Anfrage von Cornelia Hauser, Nicole Zeitner, Elisabeth Rickenbach vom 30. September 2024 \"Ergänzungsleistungen zur Alters-, Hinterlassenen- und Invalidenversicherung - Tarifanpassung dringend nötig.","2024/EA 21/68"
"Rickenbach","Elisabeth",,"EVP","Einfache Anfrage von Cornelia Hauser, Nicole Zeitner, Elisabeth Rickenbach vom 30. September 2024 \"Ergänzungsleistungen zur Alters-, Hinterlassenen- und Invalidenversicherung - Tarifanpassung dringend nötig.","2024/EA 21/68"
"Leuthold","Stefan",,"GLP","Einfache Anfrage von Stefan Leuthold, Nicole Zeitner, Reto Ammann, Alexander Sigg, Celina Hug, Marcel Preiss vom 30. September 2024 \"Widerrechtliche Adoptionen von indischen Kindern im Thurgau\"","2024/EA 22/69"
"Zeitner","Nicole",,"GLP","Einfache Anfrage von Stefan Leuthold, Nicole Zeitner, Reto Ammann, Alexander Sigg, Celina Hug, Marcel Preiss vom 30. September 2024 \"Widerrechtliche Adoptionen von indischen Kindern im Thurgau\"","2024/EA 22/69"
"Ammann","Reto",,"GLP","Einfache Anfrage von Stefan Leuthold, Nicole Zeitner, Reto Ammann, Alexander Sigg, Celina Hug, Marcel Preiss vom 30. September 2024 \"Widerrechtliche Adoptionen von indischen Kindern im Thurgau\"","2024/EA 22/69"
"Sigg","Alexander",,"GLP","Einfache Anfrage von Stefan Leuthold, Nicole Zeitner, Reto Ammann, Alexander Sigg, Celina Hug, Marcel Preiss vom 30. September 2024 \"Widerrechtliche Adoptionen von indischen Kindern im Thurgau\"","2024/EA 22/69"
"Hug","Celina",,"GLP","Einfache Anfrage von Stefan Leuthold, Nicole Zeitner, Reto Ammann, Alexander Sigg, Celina Hug, Marcel Preiss vom 30. September 2024 \"Widerrechtliche Adoptionen von indischen Kindern im Thurgau\"","2024/EA 22/69"
"Preiss","Marcel",,"GLP","Einfache Anfrage von Stefan Leuthold, Nicole Zeitner, Reto Ammann, Alexander Sigg, Celina Hug, Marcel Preiss vom 30. September 2024 \"Widerrechtliche Adoptionen von indischen Kindern im Thurgau\"","2024/EA 22/69"
"Spiri","Robin",,"Aufrecht","Parlamentarische Initiative von Robin Spiri, Barbara Dätwyler Weber, Alexander Sigg, Andreas Sigrist, Judith Ricklin, Patrick Siegenthaler vom 23. Oktober 2024 \"Maximaler steuerlicher Abzug der Krankenkassenprämien der Realität anpassen\"","2024/PI 2/71"
"Dätwyler Weber","Barbara",,"SP","Parlamentarische Initiative von Robin Spiri, Barbara Dätwyler Weber, Alexander Sigg, Andreas Sigrist, Judith Ricklin, Patrick Siegenthaler vom 23. Oktober 2024 \"Maximaler steuerlicher Abzug der Krankenkassenprämien der Realität anpassen\"","2024/PI 2/71"
"Sigg","Alexander",,"GLP","Parlamentarische Initiative von Robin Spiri, Barbara Dätwyler Weber, Alexander Sigg, Andreas Sigrist, Judith Ricklin, Patrick Siegenthaler vom 23. Oktober 2024 \"Maximaler steuerlicher Abzug der Krankenkassenprämien der Realität anpassen\"","2024/PI 2/71"
"Sigrist","Andreas",,"EDU","Parlamentarische Initiative von Robin Spiri, Barbara Dätwyler Weber, Alexander Sigg, Andreas Sigrist, Judith Ricklin, Patrick Siegenthaler vom 23. Oktober 2024 \"Maximaler steuerlicher Abzug der Krankenkassenprämien der Realität anpassen\"","2024/PI 2/71"
"Ricklin","Judith",,"SVP","Parlamentarische Initiative von Robin Spiri, Barbara Dätwyler Weber, Alexander Sigg, Andreas Sigrist, Judith Ricklin, Patrick Siegenthaler vom 23. Oktober 2024 \"Maximaler steuerlicher Abzug der Krankenkassenprämien der Realität anpassen\"","2024/PI 2/71"
"Siegenthaler","Patrick",,"Die Mitte","Parlamentarische Initiative von Robin Spiri, Barbara Dätwyler Weber, Alexander Sigg, Andreas Sigrist, Judith Ricklin, Patrick Siegenthaler vom 23. Oktober 2024 \"Maximaler steuerlicher Abzug der Krankenkassenprämien der Realität anpassen\"","2024/PI 2/71"
"Martin","Oliver",,"SVP","Motion von Oliver Martin, Marcel Wittwer, Jacob Auer, Didi Feuerle, Sandrine Nikolic-Fuss vom 23. Oktober 2024 \"Abschaffung des regierungsrätlichen Ruhegehalts\"","2024/MO 10/72"
"Wittwer","Marcel",,"EDU","Motion von Oliver Martin, Marcel Wittwer, Jacob Auer, Didi Feuerle, Sandrine Nikolic-Fuss vom 23. Oktober 2024 \"Abschaffung des regierungsrätlichen Ruhegehalts\"","2024/MO 10/72"
"Auer","Jacob",,"SP","Motion von Oliver Martin, Marcel Wittwer, Jacob Auer, Didi Feuerle, Sandrine Nikolic-Fuss vom 23. Oktober 2024 \"Abschaffung des regierungsrätlichen Ruhegehalts\"","2024/MO 10/72"
"Feuerle","Didi",,"GRÜNE","Motion von Oliver Martin, Marcel Wittwer, Jacob Auer, Didi Feuerle, Sandrine Nikolic-Fuss vom 23. Oktober 2024 \"Abschaffung des regierungsrätlichen Ruhegehalts\"","2024/MO 10/72"
"Nikolic-Fuss","Sandrine",,"SP","Motion von Oliver Martin, Marcel Wittwer, Jacob Auer, Didi Feuerle, Sandrine Nikolic-Fuss vom 23. Oktober 2024 \"Abschaffung des regierungsrätlichen Ruhegehalts\"","2024/MO 10/72"
"Leuthold","Stefan",,"GLP","Interpellation von Stefan Leuthold, Cornelia Hasler-Roost, Patrick Siegenthaler vom 23. Oktober 2024 \"Entfremdung: Welche Unterstützung erhalten Betroffene im Thurgau?\"","2024/IN 8/73"
"Hasler-Roost","Cornelia",,"FDP","Interpellation von Stefan Leuthold, Cornelia Hasler-Roost, Patrick Siegenthaler vom 23. Oktober 2024 \"Entfremdung: Welche Unterstützung erhalten Betroffene im Thurgau?\"","2024/IN 8/73"
"Siegenthaler","Patrick",,"Die Mitte","Interpellation von Stefan Leuthold, Cornelia Hasler-Roost, Patrick Siegenthaler vom 23. Oktober 2024 \"Entfremdung: Welche Unterstützung erhalten Betroffene im Thurgau?\"","2024/IN 8/73"
"Keller","Ueli",,"GRÜNE","Einfache Anfrage von Ueli Keller vom 23. Oktober 2024 \"Kinder in der Nothilfe\"","2024/EA 23/74"
"Spiri","Robin",,"Aufrecht","Einfache Anfrage von Robin Spiri vom 23. Oktober 2024 \"Bargeldlose Automaten auf Kantonsgebiet\"","2024/EA 24/75"
"Greber","Kenny",,"SP","Einfache Anfrage von Kenny Greber vom 6. November 2024 \"Areal Hasli / Wigoltingen Innovation Park (WIP)\"","2024/EA 25/77"
"Spiri","Robin",,"Aufrecht","Einfache Anfrage von Robin Spiri vom 6. November 2024 \"Food Waste reduzieren und Wegwerfkultur stoppen\"","2024/EA 26/78"
"Weilenmann","Simon",,"GRÜNE","Einfache Anfrage von Simon Weilenmann vom 6. November 2024 \"Ist die Beschlagnahmung von Vermögenswerten von geflüchteten Personen im Zusammenhang mit der Sonderabgabe, Asylgesetz Art. 86, in den Thurgauer Gemeinden zulässig?","2024/EA 27/79"
"Leuthold","Stefan",,"GLP","Einfache Anfrage von Stefan Leuthold, Nicole Zeitner, Reto Ammann, Celina Hug, Marcel Preiss vom 6. November 2024 \"AXPO: Ein ausser Kontrolle geratenes Hochrisiko-Unternehmen?\"","2024/EA 28/80"
"Zeitner","Nicole",,"GLP","Einfache Anfrage von Stefan Leuthold, Nicole Zeitner, Reto Ammann, Celina Hug, Marcel Preiss vom 6. November 2024 \"AXPO: Ein ausser Kontrolle geratenes Hochrisiko-Unternehmen?\"","2024/EA 28/80"
"Ammann","Reto",,"GLP","Einfache Anfrage von Stefan Leuthold, Nicole Zeitner, Reto Ammann, Celina Hug, Marcel Preiss vom 6. November 2024 \"AXPO: Ein ausser Kontrolle geratenes Hochrisiko-Unternehmen?\"","2024/EA 28/80"
"Hug","Celina",,"GLP","Einfache Anfrage von Stefan Leuthold, Nicole Zeitner, Reto Ammann, Celina Hug, Marcel Preiss vom 6. November 2024 \"AXPO: Ein ausser Kontrolle geratenes Hochrisiko-Unternehmen?\"","2024/EA 28/80"
"Preiss","Marcel",,"GLP","Einfache Anfrage von Stefan Leuthold, Nicole Zeitner, Reto Ammann, Celina Hug, Marcel Preiss vom 6. November 2024 \"AXPO: Ein ausser Kontrolle geratenes Hochrisiko-Unternehmen?\"","2024/EA 28/80"
"Weilenmann","Simon",,"GRÜNE","Einfache Anfrage von Simon Weilenmann vom 6. November 2024 \"Pestizide im Trinkwasser\"","2024/EA 29/81"
"Indergand","Aline",,"SVP","Einfache Anfrage von Aline Indergand vom 6. November 2024 \"Willkommenskultur im Migrationsamt\"","2024/EA 30/82"
"Stutz","Raphael",,"SVP","Einfache Anfrage von Raphael Stutz vom 6. November 2024 \"Wil West\"","2024/EA 31/83"
"Wirth","Andreas",,"SVP","Einfache Anfrage von Andreas Wirth vom 6. November 2024 \"Selektives Sprachobligatorium - richtig selektioniert?\"","2024/EA 32/84"
"Eberle","Stephanie",,"SVP","Interpellation von Stephanie Eberle vom 6. November 2024 \"Integrative Sonderschule oder Separative Integration?\"","2024/IN 9/85"
"Indergand","Aline",,"SVP","Interpellation von Aline Indergand, Stephanie Eberle vom 6. November 2024 \"Effektive Rückführung von straffälligen Asylmigrantinnen und -migranten\"","2024/IN 10/86"
"Eberle","Stephanie",,"SVP","Interpellation von Aline Indergand, Stephanie Eberle vom 6. November 2024 \"Effektive Rückführung von straffälligen Asylmigrantinnen und -migranten\"","2024/IN 10/86"
"Brüllmann","Markus",,"SP","Einfache Anfrage von Markus Brüllmann, Marion Sontheim vom 20. November 2024 \"Vorgehen betreffend Schutzsuchenden mit Status S, welche eine Lehre antreten oder abschliessen möchten\"","2024/EA 33/87"
"Sontheim","Marion",,"SP","Einfache Anfrage von Markus Brüllmann, Marion Sontheim vom 20. November 2024 \"Vorgehen betreffend Schutzsuchenden mit Status S, welche eine Lehre antreten oder abschliessen möchten\"","2024/EA 33/87"
"Wohlfender-Oertig","Edith",,"SP","Einfache Anfrage von Edith Wohlfender-Oertig, Kenny Greber, Traudi Schönegger vom 20. November 2024 \"Prävention bei Jugendlichen - eine neue Herausforderung für den Thurgau?\"","2024/EA 34/88"
"Greber","Kenny",,"SP","Einfache Anfrage von Edith Wohlfender-Oertig, Kenny Greber, Traudi Schönegger vom 20. November 2024 \"Prävention bei Jugendlichen - eine neue Herausforderung für den Thurgau?\"","2024/EA 34/88"
"Schönegger","Traudi",,"SP","Einfache Anfrage von Edith Wohlfender-Oertig, Kenny Greber, Traudi Schönegger vom 20. November 2024 \"Prävention bei Jugendlichen - eine neue Herausforderung für den Thurgau?\"","2024/EA 34/88"
"Vonlanthen-Specker","Isabelle",,"GRÜNE","Einfache Anfrage von Isabelle Vonlanthen-Specker, Didi Feuerle vom 20. November 2024 \"Handel mit Haus- und Wildtieren\"","2024/EA 35/89"
"Feuerle","Didi",,"GRÜNE","Einfache Anfrage von Isabelle Vonlanthen-Specker, Didi Feuerle vom 20. November 2024 \"Handel mit Haus- und Wildtieren\"","2024/EA 35/89"
"Caviezel","Christian",,"EDU","Einfache Anfrage von Christian Caviezel vom 20. November 2024 \"Solares Geoengineering im Thurgauer Flugraum?\"","2024/EA 36/90"
"Wohlfender-Oertig","Edith",,"SP","Interpellation von Edith Wohlfender-Oertig, Elina Müller vom 20. November 2024 \"Ermordet, weil sie Frauen sind! Im Thurgau - ein politisches Thema?\"","2024/IN 11/91"
"Müller","Elina",,"SP","Interpellation von Edith Wohlfender-Oertig, Elina Müller vom 20. November 2024 \"Ermordet, weil sie Frauen sind! Im Thurgau - ein politisches Thema?\"","2024/IN 11/91"
"Eugster","Daniel",,"FDP","Motion gemäss § 75 der Geschäftsordnung des Grossen Rates (GOGR) von Daniel Eugster, Gabriel Macedo vom 4. Dezember 2024 \"Transparenz der Kosten parlamentarischer Vorstösse\"","2024/MO 11/92"
"Macedo","Gabriel",,"FDP","Motion gemäss § 75 der Geschäftsordnung des Grossen Rates (GOGR) von Daniel Eugster, Gabriel Macedo vom 4. Dezember 2024 \"Transparenz der Kosten parlamentarischer Vorstösse\"","2024/MO 11/92"
"Leuthold","Stefan",,"GLP","Einfache Anfrage von Stefan Leuthold, Marcel Preiss vom 18. Dezember 2024 \"Thurgauer Klima– und Energieziele: Echte Ambition oder Makulatur?\"","2024/EA 37/94"
"Preiss","Marcel",,"GLP","Einfache Anfrage von Stefan Leuthold, Marcel Preiss vom 18. Dezember 2024 \"Thurgauer Klima– und Energieziele: Echte Ambition oder Makulatur?\"","2024/EA 37/94"
"Bétrisey","Karin",,"GRÜNE","Einfache Anfrage von Karin Bétrisey vom 18. Dezember 2024 \"Das Projekt BTS/OLS ist Geschichte – nun soll die Mobilität in unserem Kanton endlich nachhaltig geplant werden\"","2024/EA 38/95"
"Stump","Beat",,"SVP","Standesinitiative von Beat Stump, Oliver Martin, Peter Schenk, Hermann Lei, Stephanie Eberle, Franz Eugster vom 18. Dezember 2024 \"Standesinitiative für Ständemehr. Aus Respekt vor der Bundesverfassung und dem demokratischen Zusammenhalt in der Schweiz.\"","2024/NA 1/96"
"Martin","Oliver",,"SVP","Standesinitiative von Beat Stump, Oliver Martin, Peter Schenk, Hermann Lei, Stephanie Eberle, Franz Eugster vom 18. Dezember 2024 \"Standesinitiative für Ständemehr. Aus Respekt vor der Bundesverfassung und dem demokratischen Zusammenhalt in der Schweiz.\"","2024/NA 1/96"
"Schenk","Peter",,"EDU","Standesinitiative von Beat Stump, Oliver Martin, Peter Schenk, Hermann Lei, Stephanie Eberle, Franz Eugster vom 18. Dezember 2024 \"Standesinitiative für Ständemehr. Aus Respekt vor der Bundesverfassung und dem demokratischen Zusammenhalt in der Schweiz.\"","2024/NA 1/96"
"Lei","Hermann",,"SVP","Standesinitiative von Beat Stump, Oliver Martin, Peter Schenk, Hermann Lei, Stephanie Eberle, Franz Eugster vom 18. Dezember 2024 \"Standesinitiative für Ständemehr. Aus Respekt vor der Bundesverfassung und dem demokratischen Zusammenhalt in der Schweiz.\"","2024/NA 1/96"
"Eberle","Stephanie",,"SVP","Standesinitiative von Beat Stump, Oliver Martin, Peter Schenk, Hermann Lei, Stephanie Eberle, Franz Eugster vom 18. Dezember 2024 \"Standesinitiative für Ständemehr. Aus Respekt vor der Bundesverfassung und dem demokratischen Zusammenhalt in der Schweiz.\"","2024/NA 1/96"
"Eugster","Franz",,"Die Mitte","Standesinitiative von Beat Stump, Oliver Martin, Peter Schenk, Hermann Lei, Stephanie Eberle, Franz Eugster vom 18. Dezember 2024 \"Standesinitiative für Ständemehr. Aus Respekt vor der Bundesverfassung und dem demokratischen Zusammenhalt in der Schweiz.\"","2024/NA 1/96"
"Leu","Thomas",,"FDP","Interpellation von Thomas Leu, Attila Wohlrab, Fabrizio Hugentobler, Markus Bürgi, Martina Pfiffner Müller vom 18. Dezember 2024 \"Lohndeckelung für die Mitglieder der Konzernleitung der Axpo Holding AG\"","2024/IN 12/97"
"Wohlrab","Attila",,"FDP","Interpellation von Thomas Leu, Attila Wohlrab, Fabrizio Hugentobler, Markus Bürgi, Martina Pfiffner Müller vom 18. Dezember 2024 \"Lohndeckelung für die Mitglieder der Konzernleitung der Axpo Holding AG\"","2024/IN 12/97"
"Hugentobler","Fabrizio",,"FDP","Interpellation von Thomas Leu, Attila Wohlrab, Fabrizio Hugentobler, Markus Bürgi, Martina Pfiffner Müller vom 18. Dezember 2024 \"Lohndeckelung für die Mitglieder der Konzernleitung der Axpo Holding AG\"","2024/IN 12/97"
"Bürgi","Markus",,"FDP","Interpellation von Thomas Leu, Attila Wohlrab, Fabrizio Hugentobler, Markus Bürgi, Martina Pfiffner Müller vom 18. Dezember 2024 \"Lohndeckelung für die Mitglieder der Konzernleitung der Axpo Holding AG\"","2024/IN 12/97"
"Pfiffner Müller","Martina",,"FDP","Interpellation von Thomas Leu, Attila Wohlrab, Fabrizio Hugentobler, Markus Bürgi, Martina Pfiffner Müller vom 18. Dezember 2024 \"Lohndeckelung für die Mitglieder der Konzernleitung der Axpo Holding AG\"","2024/IN 12/97"
"Nikolic-Fuss","Sandrine",,"SP","Einfache Anfrage von Sandrine Nikolic-Fuss vom 22. Januar 2025 \"Peregrina Stiftung: Einfluss des Kantons bei Lohnreduktionen der Peregrina Stiftung\"","2024/EA 39/99"
"Martin","Roger",,"Die Mitte","Einfache Anfrage von Roger Martin vom 22. Januar 2025 \"Steht das HundeG im Widerspruch mit der Tierschutzverordnung?\"","2024/EA 40/100"
"Hug","Celina",,"GLP","Einfache Anfrage von Celina Hug, Stefan Leuthold vom 22. Januar 2025 \"Wie kann die Thurgauer Medienvielfalt gestärkt werden?\"","2024/EA 41/101"
"Leuthold","Stefan",,"GLP","Einfache Anfrage von Celina Hug, Stefan Leuthold vom 22. Januar 2025 \"Wie kann die Thurgauer Medienvielfalt gestärkt werden?\"","2024/EA 41/101"
"Bruggmann","Marina",,"SP","Einfache Anfrage von Marina Bruggmann, Traudi Schönegger, Isabelle Vonlanthen-Specker vom 22. Januar 2025 \"Was tut der Kanton zur Vorbereitung auf eine mögliche Fentanyl-Krise - ausser abzuwarten?\"","2024/EA 42/102"
"Schönegger","Traudi",,"SP","Einfache Anfrage von Marina Bruggmann, Traudi Schönegger, Isabelle Vonlanthen-Specker vom 22. Januar 2025 \"Was tut der Kanton zur Vorbereitung auf eine mögliche Fentanyl-Krise - ausser abzuwarten?\"","2024/EA 42/102"
"Vonlanthen-Specker","Isabelle",,"GRÜNE","Einfache Anfrage von Marina Bruggmann, Traudi Schönegger, Isabelle Vonlanthen-Specker vom 22. Januar 2025 \"Was tut der Kanton zur Vorbereitung auf eine mögliche Fentanyl-Krise - ausser abzuwarten?\"","2024/EA 42/102"
"Niederberger","Thomas",,"FDP","Einfache Anfrage von Thomas Niederberger, Attila Wohlrab, Gabriel Macedo, Dean Kradolfer vom 22. Januar 2025 \"Zukunft der Oberlandstrasse (OLS)\"","2024/EA 43/103"
"Wohlrab","Attila",,"FDP","Einfache Anfrage von Thomas Niederberger, Attila Wohlrab, Gabriel Macedo, Dean Kradolfer vom 22. Januar 2025 \"Zukunft der Oberlandstrasse (OLS)\"","2024/EA 43/103"
"Macedo","Gabriel",,"FDP","Einfache Anfrage von Thomas Niederberger, Attila Wohlrab, Gabriel Macedo, Dean Kradolfer vom 22. Januar 2025 \"Zukunft der Oberlandstrasse (OLS)\"","2024/EA 43/103"
"Kradolfer","Dean",,"FDP","Einfache Anfrage von Thomas Niederberger, Attila Wohlrab, Gabriel Macedo, Dean Kradolfer vom 22. Januar 2025 \"Zukunft der Oberlandstrasse (OLS)\"","2024/EA 43/103"
"Indergand","Aline",,"SVP","Motion von Aline Indergand, Daniel Vetterli, Eveline Bachmann, Manuel Sturzenegger, Jürg Marolf vom 22. Januar 2025 \"Regulierung des Kormorans\"","2024/MO 12/104"
"Vetterli","Daniel",,"SVP","Motion von Aline Indergand, Daniel Vetterli, Eveline Bachmann, Manuel Sturzenegger, Jürg Marolf vom 22. Januar 2025 \"Regulierung des Kormorans\"","2024/MO 12/104"
"Bachmann","Eveline",,"SVP","Motion von Aline Indergand, Daniel Vetterli, Eveline Bachmann, Manuel Sturzenegger, Jürg Marolf vom 22. Januar 2025 \"Regulierung des Kormorans\"","2024/MO 12/104"
"Sturzenegger","Manuel",,"SVP","Motion von Aline Indergand, Daniel Vetterli, Eveline Bachmann, Manuel Sturzenegger, Jürg Marolf vom 22. Januar 2025 \"Regulierung des Kormorans\"","2024/MO 12/104"
"Marolf","Jürg",,"Die Mitte","Motion von Aline Indergand, Daniel Vetterli, Eveline Bachmann, Manuel Sturzenegger, Jürg Marolf vom 22. Januar 2025 \"Regulierung des Kormorans\"","2024/MO 12/104"
"Tschanen","Mathias",,"SVP","Motion von Mathias Tschanen vom 22. Januar 2025 \"Wie kommt der Kanton Thurgau als 100% Eigner von EKT in den Genuss der Axpo Dividende?\"","2024/MO 13/105"
"Müller","Elina",,"SP","Interpellation von Elina Müller, Edith Wohlfender-Oertig, Bernhard Braun, Andreas Opprecht, Elisabeth Rickenbach, Stefan Leuthold vom 22. Januar 2025 \"Wie weiter mit der Axpo?\"","2024/IN 13/106"
"Wohlfender-Oertig","Edith",,"SP","Interpellation von Elina Müller, Edith Wohlfender-Oertig, Bernhard Braun, Andreas Opprecht, Elisabeth Rickenbach, Stefan Leuthold vom 22. Januar 2025 \"Wie weiter mit der Axpo?\"","2024/IN 13/106"
"Braun","Bernhard",,"GRÜNE","Interpellation von Elina Müller, Edith Wohlfender-Oertig, Bernhard Braun, Andreas Opprecht, Elisabeth Rickenbach, Stefan Leuthold vom 22. Januar 2025 \"Wie weiter mit der Axpo?\"","2024/IN 13/106"
"Opprecht","Andreas",,"FDP","Interpellation von Elina Müller, Edith Wohlfender-Oertig, Bernhard Braun, Andreas Opprecht, Elisabeth Rickenbach, Stefan Leuthold vom 22. Januar 2025 \"Wie weiter mit der Axpo?\"","2024/IN 13/106"
"Rickenbach","Elisabeth",,"EVP","Interpellation von Elina Müller, Edith Wohlfender-Oertig, Bernhard Braun, Andreas Opprecht, Elisabeth Rickenbach, Stefan Leuthold vom 22. Januar 2025 \"Wie weiter mit der Axpo?\"","2024/IN 13/106"
"Leuthold","Stefan",,"GLP","Interpellation von Elina Müller, Edith Wohlfender-Oertig, Bernhard Braun, Andreas Opprecht, Elisabeth Rickenbach, Stefan Leuthold vom 22. Januar 2025 \"Wie weiter mit der Axpo?\"","2024/IN 13/106"
"Stump","Beat",,"SVP","Einfache Anfrage von Beat Stump vom 5. Februar 2025 \"Was passiert in diesem Palast?\"","2024/EA 44/108"
"Ricklin","Judith",,"SVP","Einfache Anfrage von Judith Ricklin vom 19. Februar 2025 \"Unbefriedigende Parkplatzsituation der PHTG selbst in die Hand nehmen\"","2024/EA 45/111"
"Pasche-Strasser","Corinna",,"Die Mitte","Einfache Anfrage von Corinna Pasche-Strasser vom 19. Februar 2025 \"Steuerbefreiung von Kinder- und Ausbildungszulagen, welche finanzielle Auswirkungen hätte das?\"","2024/EA 46/112"
"Martin","Oliver",,"SVP","Einfache Anfrage von Oliver Martin, Hermann Lei vom 19. Februar 2025 \"Wie denkt der Regierungsrat mit einem massiv höheren Bevölkerungswachstum als erwartet in unserem Kanton umzugehen?\"","2024/EA 47/113"
"Lei","Hermann",,"SVP","Einfache Anfrage von Oliver Martin, Hermann Lei vom 19. Februar 2025 \"Wie denkt der Regierungsrat mit einem massiv höheren Bevölkerungswachstum als erwartet in unserem Kanton umzugehen?\"","2024/EA 47/113"
"Schär","Urs",,"SVP","Einfache Anfrage von Urs Schär, Ulrich Graf, Priska Peter, Jürgen Häberli, Hans Stark vom 19. Februar 2025 \"Wie ist der Thurgau / die Schweiz auf einen Ausbruch der Maul- und Klauenseuche vorbereitet?\"","2024/EA 48/114"
"Graf","Ulrich",,"SVP","Einfache Anfrage von Urs Schär, Ulrich Graf, Priska Peter, Jürgen Häberli, Hans Stark vom 19. Februar 2025 \"Wie ist der Thurgau / die Schweiz auf einen Ausbruch der Maul- und Klauenseuche vorbereitet?\"","2024/EA 48/114"
"Peter","Priska",,"SVP","Einfache Anfrage von Urs Schär, Ulrich Graf, Priska Peter, Jürgen Häberli, Hans Stark vom 19. Februar 2025 \"Wie ist der Thurgau / die Schweiz auf einen Ausbruch der Maul- und Klauenseuche vorbereitet?\"","2024/EA 48/114"
"Häberli","Jürgen",,"SVP","Einfache Anfrage von Urs Schär, Ulrich Graf, Priska Peter, Jürgen Häberli, Hans Stark vom 19. Februar 2025 \"Wie ist der Thurgau / die Schweiz auf einen Ausbruch der Maul- und Klauenseuche vorbereitet?\"","2024/EA 48/114"
"Stark","Hans",,"SVP","Einfache Anfrage von Urs Schär, Ulrich Graf, Priska Peter, Jürgen Häberli, Hans Stark vom 19. Februar 2025 \"Wie ist der Thurgau / die Schweiz auf einen Ausbruch der Maul- und Klauenseuche vorbereitet?\"","2024/EA 48/114"
"Rüdisüli","Marc",,"Die Mitte","Motion von Marc Rüdisüli, Sandra Stadler, Norbert Senn, Isabelle Wepfer, Jürg Marolf, Corinna Pasche-Strasser, Michaela Frei Barbosa, Christian Stricker vom 19. Februar 2025 \"Französisch stärken - ressourcenschonend, konzentriert und effizient ab der Sekundarstufe 1\"","2024/MO 14/115"
"Stadler","Sandra",,"Die Mitte","Motion von Marc Rüdisüli, Sandra Stadler, Norbert Senn, Isabelle Wepfer, Jürg Marolf, Corinna Pasche-Strasser, Michaela Frei Barbosa, Christian Stricker vom 19. Februar 2025 \"Französisch stärken - ressourcenschonend, konzentriert und effizient ab der Sekundarstufe 1\"","2024/MO 14/115"
"Senn","Norbert",,"Die Mitte","Motion von Marc Rüdisüli, Sandra Stadler, Norbert Senn, Isabelle Wepfer, Jürg Marolf, Corinna Pasche-Strasser, Michaela Frei Barbosa, Christian Stricker vom 19. Februar 2025 \"Französisch stärken - ressourcenschonend, konzentriert und effizient ab der Sekundarstufe 1\"","2024/MO 14/115"
"Wepfer","Isabelle",,"Die Mitte","Motion von Marc Rüdisüli, Sandra Stadler, Norbert Senn, Isabelle Wepfer, Jürg Marolf, Corinna Pasche-Strasser, Michaela Frei Barbosa, Christian Stricker vom 19. Februar 2025 \"Französisch stärken - ressourcenschonend, konzentriert und effizient ab der Sekundarstufe 1\"","2024/MO 14/115"
"Marolf","Jürg",,"Die Mitte","Motion von Marc Rüdisüli, Sandra Stadler, Norbert Senn, Isabelle Wepfer, Jürg Marolf, Corinna Pasche-Strasser, Michaela Frei Barbosa, Christian Stricker vom 19. Februar 2025 \"Französisch stärken - ressourcenschonend, konzentriert und effizient ab der Sekundarstufe 1\"","2024/MO 14/115"
"Pasche-Strasser","Corinna",,"Die Mitte","Motion von Marc Rüdisüli, Sandra Stadler, Norbert Senn, Isabelle Wepfer, Jürg Marolf, Corinna Pasche-Strasser, Michaela Frei Barbosa, Christian Stricker vom 19. Februar 2025 \"Französisch stärken - ressourcenschonend, konzentriert und effizient ab der Sekundarstufe 1\"","2024/MO 14/115"
"Frei Barbosa","Michaela",,"Die Mitte","Motion von Marc Rüdisüli, Sandra Stadler, Norbert Senn, Isabelle Wepfer, Jürg Marolf, Corinna Pasche-Strasser, Michaela Frei Barbosa, Christian Stricker vom 19. Februar 2025 \"Französisch stärken - ressourcenschonend, konzentriert und effizient ab der Sekundarstufe 1\"","2024/MO 14/115"
"Stricker","Christian",,"EVP","Motion von Marc Rüdisüli, Sandra Stadler, Norbert Senn, Isabelle Wepfer, Jürg Marolf, Corinna Pasche-Strasser, Michaela Frei Barbosa, Christian Stricker vom 19. Februar 2025 \"Französisch stärken - ressourcenschonend, konzentriert und effizient ab der Sekundarstufe 1\"","2024/MO 14/115"
"Caviezel","Christian",,"EDU","Motion von Christian Caviezel, Beat Stump vom 19. Februar 2025 \"Erleichterte Einbürgerung durch gesondertes Abstimmungsverfahren für Gesuche mit ausserordentlich motiviertem Integrationscharakter\"","2024/MO 15/116"
"Stump","Beat",,"SVP","Motion von Christian Caviezel, Beat Stump vom 19. Februar 2025 \"Erleichterte Einbürgerung durch gesondertes Abstimmungsverfahren für Gesuche mit ausserordentlich motiviertem Integrationscharakter\"","2024/MO 15/116"
"Caviezel","Christian",,"EDU","Motion von Christan Caviezel, Raphael Stutz, Christina Fäsi vom 19. Februar 2025 \"Das Vorsorgeprinzip im Thurgau anwenden und den Zugang zu irreversiblen Eingriffen zur Geschlechtsumwandlung nur Personen vorbehalten, die nach schweizerischem Zivilgesetzbuch volljährig sind\"","2024/MO 16/117"
"Stutz","Raphael",,"SVP","Motion von Christan Caviezel, Raphael Stutz, Christina Fäsi vom 19. Februar 2025 \"Das Vorsorgeprinzip im Thurgau anwenden und den Zugang zu irreversiblen Eingriffen zur Geschlechtsumwandlung nur Personen vorbehalten, die nach schweizerischem Zivilgesetzbuch volljährig sind\"","2024/MO 16/117"
"Fäsi","Christina",,"EVP","Motion von Christan Caviezel, Raphael Stutz, Christina Fäsi vom 19. Februar 2025 \"Das Vorsorgeprinzip im Thurgau anwenden und den Zugang zu irreversiblen Eingriffen zur Geschlechtsumwandlung nur Personen vorbehalten, die nach schweizerischem Zivilgesetzbuch volljährig sind\"","2024/MO 16/117"
"Eberle","Stephanie",,"SVP","Motion von Stephanie Eberle vom 19. Februar 2025 \"Für eine aussagekräftige Kriminalstatistik. Erfassung der Täterherkunft nach Deliktskategorien.\"","2024/MO 17/118"
"Brunner","Claude",,"SVP","Motion von Claude Brunner, Raffaela Strähl-D’Ambrosio, Ruedi Zbinden, Heinz Keller, Marina Bruggmann, Nicole Zeitner, Martina Pfiffner Müller, Franz Eugster, Isabelle Vonlanthen-Specker vom 19. Februar 2025 \"Anpassung Ausbildungsverpflichtung (Umsetzung Phase 1 der Pflegeinitiative)\"","2024/MO 18/119"
"Strähl-D’Ambrosio","Raffaella",,"SVP","Motion von Claude Brunner, Raffaela Strähl-D’Ambrosio, Ruedi Zbinden, Heinz Keller, Marina Bruggmann, Nicole Zeitner, Martina Pfiffner Müller, Franz Eugster, Isabelle Vonlanthen-Specker vom 19. Februar 2025 \"Anpassung Ausbildungsverpflichtung (Umsetzung Phase 1 der Pflegeinitiative)\"","2024/MO 18/119"
"Zbinden","Ruedi",,"SVP","Motion von Claude Brunner, Raffaela Strähl-D’Ambrosio, Ruedi Zbinden, Heinz Keller, Marina Bruggmann, Nicole Zeitner, Martina Pfiffner Müller, Franz Eugster, Isabelle Vonlanthen-Specker vom 19. Februar 2025 \"Anpassung Ausbildungsverpflichtung (Umsetzung Phase 1 der Pflegeinitiative)\"","2024/MO 18/119"
"Keller","Heinz",,"SVP","Motion von Claude Brunner, Raffaela Strähl-D’Ambrosio, Ruedi Zbinden, Heinz Keller, Marina Bruggmann, Nicole Zeitner, Martina Pfiffner Müller, Franz Eugster, Isabelle Vonlanthen-Specker vom 19. Februar 2025 \"Anpassung Ausbildungsverpflichtung (Umsetzung Phase 1 der Pflegeinitiative)\"","2024/MO 18/119"
"Bruggmann","Marina",,"SP","Motion von Claude Brunner, Raffaela Strähl-D’Ambrosio, Ruedi Zbinden, Heinz Keller, Marina Bruggmann, Nicole Zeitner, Martina Pfiffner Müller, Franz Eugster, Isabelle Vonlanthen-Specker vom 19. Februar 2025 \"Anpassung Ausbildungsverpflichtung (Umsetzung Phase 1 der Pflegeinitiative)\"","2024/MO 18/119"
"Zeitner","Nicole",,"GLP","Motion von Claude Brunner, Raffaela Strähl-D’Ambrosio, Ruedi Zbinden, Heinz Keller, Marina Bruggmann, Nicole Zeitner, Martina Pfiffner Müller, Franz Eugster, Isabelle Vonlanthen-Specker vom 19. Februar 2025 \"Anpassung Ausbildungsverpflichtung (Umsetzung Phase 1 der Pflegeinitiative)\"","2024/MO 18/119"
"Pfiffner Müller","Martina",,"FDP","Motion von Claude Brunner, Raffaela Strähl-D’Ambrosio, Ruedi Zbinden, Heinz Keller, Marina Bruggmann, Nicole Zeitner, Martina Pfiffner Müller, Franz Eugster, Isabelle Vonlanthen-Specker vom 19. Februar 2025 \"Anpassung Ausbildungsverpflichtung (Umsetzung Phase 1 der Pflegeinitiative)\"","2024/MO 18/119"
"Eugster","Franz",,"Die Mitte","Motion von Claude Brunner, Raffaela Strähl-D’Ambrosio, Ruedi Zbinden, Heinz Keller, Marina Bruggmann, Nicole Zeitner, Martina Pfiffner Müller, Franz Eugster, Isabelle Vonlanthen-Specker vom 19. Februar 2025 \"Anpassung Ausbildungsverpflichtung (Umsetzung Phase 1 der Pflegeinitiative)\"","2024/MO 18/119"
"Vonlanthen-Specker","Isabelle",,"GRÜNE","Motion von Claude Brunner, Raffaela Strähl-D’Ambrosio, Ruedi Zbinden, Heinz Keller, Marina Bruggmann, Nicole Zeitner, Martina Pfiffner Müller, Franz Eugster, Isabelle Vonlanthen-Specker vom 19. Februar 2025 \"Anpassung Ausbildungsverpflichtung (Umsetzung Phase 1 der Pflegeinitiative)\"","2024/MO 18/119"
"Schallenberg","Turi",,"SP","Einfache Anfrage von Turi Schallenberg, Ulrich Graf, Kenny Greber, Mathias Dietz vom 5. März 2025 \"IPV optimieren\"","2024/EA 49/121"
"Graf","Ulrich",,"SVP","Einfache Anfrage von Turi Schallenberg, Ulrich Graf, Kenny Greber, Mathias Dietz vom 5. März 2025 \"IPV optimieren\"","2024/EA 49/121"
"Greber","Kenny",,"SP","Einfache Anfrage von Turi Schallenberg, Ulrich Graf, Kenny Greber, Mathias Dietz vom 5. März 2025 \"IPV optimieren\"","2024/EA 49/121"
"Dietz","Mathias",,"EVP","Einfache Anfrage von Turi Schallenberg, Ulrich Graf, Kenny Greber, Mathias Dietz vom 5. März 2025 \"IPV optimieren\"","2024/EA 49/121"
"Reto","Ammann",,"GLP","Einfache Anfrage von Reto Ammann vom 5. März 2025 \"Regierungsrätliche Finanzstrategie - Fragen ein Jahr danach\"","2024/EA 50/122"
"Leuthold","Stefan",,"GLP","Einfache Anfrage von Stefan Leuthold, Nicole Zeitner vom 5. März 2025 \"Den öffentlichen Verkehr in der Region Untersee / Rhein stärken\"","2024/EA 51/123"
"Zeitner","Nicole",,"GLP","Einfache Anfrage von Stefan Leuthold, Nicole Zeitner vom 5. März 2025 \"Den öffentlichen Verkehr in der Region Untersee / Rhein stärken\"","2024/EA 51/123"
"Möckli","Gottfried",,"SVP","Motion von Gottfried Möckli, Daniel Vetterli vom 5. März 2025 \"Superwahlsonntag auf Abstimmungstag legen\"","2024/MO 19/124"
"Vetterli","Daniel",,"SVP","Motion von Gottfried Möckli, Daniel Vetterli vom 5. März 2025 \"Superwahlsonntag auf Abstimmungstag legen\"","2024/MO 19/124"
"Macedo","Gabriel","Amriswil","FDP","Standesinitiative von Gabriel Macedo, Roger Martin, Stefan Mühlemann vom 19. März 2025 \"Die Ostschweiz steht hinter der Bodensee-Thurtalstrasse, der dritten Röhre Rosenbergtunnel, der zweiten Röhre Fäsenstaubtunnel und dem Korridor N25 St. Gallen - Appenzell\"","2024/NA 2/132"
"Martin","Roger","Romanshorn","Die Mitte","Standesinitiative von Gabriel Macedo, Roger Martin, Stefan Mühlemann vom 19. März 2025 \"Die Ostschweiz steht hinter der Bodensee-Thurtalstrasse, der dritten Röhre Rosenbergtunnel, der zweiten Röhre Fäsenstaubtunnel und dem Korridor N25 St. Gallen - Appenzell\"","2024/NA 2/132"
"Mühlemann","Stefan","Guntershausen b. Aadorf","SVP","Standesinitiative von Gabriel Macedo, Roger Martin, Stefan Mühlemann vom 19. März 2025 \"Die Ostschweiz steht hinter der Bodensee-Thurtalstrasse, der dritten Röhre Rosenbergtunnel, der zweiten Röhre Fäsenstaubtunnel und dem Korridor N25 St. Gallen - Appenzell\"","2024/NA 2/132"
"Martin","Oliver","Mattwil","SVP","Antrag nach § 52 GOGR von Oliver Martin, Dean Kradolfer, Marcel Wittwer, Edith Wohlfender vom 19. März 2025 \"Potenzial von Digital Asset Mining im Kanton Thurgau analysieren\"","2024/AN 1/133"
"Kradolfer","Dean","Amriswil","FDP","Antrag nach § 52 GOGR von Oliver Martin, Dean Kradolfer, Marcel Wittwer, Edith Wohlfender vom 19. März 2025 \"Potenzial von Digital Asset Mining im Kanton Thurgau analysieren\"","2024/AN 1/133"
"Wittwer","Marcel","Schocherswil","EDU","Antrag nach § 52 GOGR von Oliver Martin, Dean Kradolfer, Marcel Wittwer, Edith Wohlfender vom 19. März 2025 \"Potenzial von Digital Asset Mining im Kanton Thurgau analysieren\"","2024/AN 1/133"
"Wohlfender-Oertig","Edith","Kreuzlingen","SP","Antrag nach § 52 GOGR von Oliver Martin, Dean Kradolfer, Marcel Wittwer, Edith Wohlfender vom 19. März 2025 \"Potenzial von Digital Asset Mining im Kanton Thurgau analysieren\"","2024/AN 1/133"
"Spiri","Robin","Amriswil","Aufrecht","Einfache Anfrage von Robin Spiri vom 19. März 2025 \"Vollzug des Bundesgerichtsentscheides - Abbau und Einstellung automatischer Fahrzeugfahndung (Kennzeichenscanner)\"","2024/EA 52/134"
"Leuthold","Stefan","Frauenfeld","GLP","Einfache Anfrage von Stefan Leuthold, Elisabeth Rickenbach, Sabina Peter Köstli, Karin Bétrisey, Nicole Zeitner vom 19. März 2025 \"Den Kanton Thurgau für Ärztinnen und Ärzte attraktiver machen\"","2024/EA 53/135"
"Rickenbach","Elisabeth","Frauenfeld","EVP","Einfache Anfrage von Stefan Leuthold, Elisabeth Rickenbach, Sabina Peter Köstli, Karin Bétrisey, Nicole Zeitner vom 19. März 2025 \"Den Kanton Thurgau für Ärztinnen und Ärzte attraktiver machen\"","2024/EA 53/135"
"Peter Köstli","Sabina","Hüttwilen","Die Mitte","Einfache Anfrage von Stefan Leuthold, Elisabeth Rickenbach, Sabina Peter Köstli, Karin Bétrisey, Nicole Zeitner vom 19. März 2025 \"Den Kanton Thurgau für Ärztinnen und Ärzte attraktiver machen\"","2024/EA 53/135"
"Bétrisey","Karin","Kesswil","GRÜNE","Einfache Anfrage von Stefan Leuthold, Elisabeth Rickenbach, Sabina Peter Köstli, Karin Bétrisey, Nicole Zeitner vom 19. März 2025 \"Den Kanton Thurgau für Ärztinnen und Ärzte attraktiver machen\"","2024/EA 53/135"
"Zeitner","Nicole","Stettfurt","GLP","Einfache Anfrage von Stefan Leuthold, Elisabeth Rickenbach, Sabina Peter Köstli, Karin Bétrisey, Nicole Zeitner vom 19. März 2025 \"Den Kanton Thurgau für Ärztinnen und Ärzte attraktiver machen\"","2024/EA 53/135"
"Ammann","Reto","Kreuzlingen","GLP","Einfache Anfrage von Reto Ammann vom 19. März 2025 \"Kippt der See und geht dem Untersee schon bald der Sauerstoff aus?\"","2024/EA 54/136"
"Strähl-D'Ambrosio","Raffaella","Siegershausen","SVP","Motion von Raffaella Strähl-D'Ambrosio, Hermann Lei vom 2. April 2025 \"Beschleunigung im Strafverfahren im Kanton Thurgau\"","2024/MO 20/140"
"Lei","Hermann","Frauenfeld","SVP","Motion von Raffaella Strähl-D'Ambrosio, Hermann Lei vom 2. April 2025 \"Beschleunigung im Strafverfahren im Kanton Thurgau\"","2024/MO 20/140"
"Hug","Celina","Romanshorn","GLP","Einfache Anfrage von Celina Hug, Nicole Zeitner vom 2. April 2025 \"Schutz und Unterbringung von Frauen in Gewaltsituationen im Kanton Thurgau\"","2024/EA 55/141"
"Zeitner","Nicole","Stettfurt","GLP","Einfache Anfrage von Celina Hug, Nicole Zeitner vom 2. April 2025 \"Schutz und Unterbringung von Frauen in Gewaltsituationen im Kanton Thurgau\"","2024/EA 55/141"
"Koch","Paul","Oberneunforn","SVP","Einfache Anfrage von Paul Koch vom 2. April 2025 \"Transparenz über Programmvereinbarungen zwischen dem Kanton Thurgau und der Schweizerischen Eidgenossenschaft\"","2024/EA 56/142"
"Indergand","Aline","Altnau","SVP","Einfache Anfrage von Aline Indergand vom 2. April 2025 \"Polizeikorpsaufstockung - bisherige Entwicklung\"","2024/EA 57/143"
"Stricker","Christian","Oberaach","EVP","Einfache Anfrage von Christian Stricker, Patrick Siegenthaler vom 2. April 2025 \"E-Voting im Kanton Thurgau\"","2024/EA 58/144"
"Siegenthaler","Patrick","Herdern","Die Mitte","Einfache Anfrage von Christian Stricker, Patrick Siegenthaler vom 2. April 2025 \"E-Voting im Kanton Thurgau\"","2024/EA 58/144"
"Wittwer","Marcel","Schocherswil","EDU","Einfache Anfrage von Marcel Wittwer, Aline Indergand, Beat Stump, Oliver Martin vom 2. April 2025 \"Rechtsextremismus ein Problem - Linksextremismus kein Problem?\"","2024/EA 59/145"
"Indergand","Aline","Altnau","SVP","Einfache Anfrage von Marcel Wittwer, Aline Indergand, Beat Stump, Oliver Martin vom 2. April 2025 \"Rechtsextremismus ein Problem - Linksextremismus kein Problem?\"","2024/EA 59/145"
"Stump","Beat","Buchackern","SVP","Einfache Anfrage von Marcel Wittwer, Aline Indergand, Beat Stump, Oliver Martin vom 2. April 2025 \"Rechtsextremismus ein Problem - Linksextremismus kein Problem?\"","2024/EA 59/145"
"Martin","Oliver","Mattwil","SVP","Einfache Anfrage von Marcel Wittwer, Aline Indergand, Beat Stump, Oliver Martin vom 2. April 2025 \"Rechtsextremismus ein Problem - Linksextremismus kein Problem?\"","2024/EA 59/145"
"Ammann","Reto",,"GLP","Motion von Reto Ammann, Marcel Preiss, Gabriel Walzthöny, Markus Bürgi, Mathias Tschanen vom 7. Mai 2025 \"Brandschutz mit Augenmass muss wirtschaftliche Gebäudenutzungen ermöglichen. Einführung einer Sonderbestimmung mit Schutzklauseln für einen Thurgauer Weg\"","2024/MO 21/153"
"Preiss","Marcel",,"GLP","Motion von Reto Ammann, Marcel Preiss, Gabriel Walzthöny, Markus Bürgi, Mathias Tschanen vom 7. Mai 2025 \"Brandschutz mit Augenmass muss wirtschaftliche Gebäudenutzungen ermöglichen. Einführung einer Sonderbestimmung mit Schutzklauseln für einen Thurgauer Weg\"","2024/MO 21/153"
"Walzthöny","Gabriel",,"Die Mitte","Motion von Reto Ammann, Marcel Preiss, Gabriel Walzthöny, Markus Bürgi, Mathias Tschanen vom 7. Mai 2025 \"Brandschutz mit Augenmass muss wirtschaftliche Gebäudenutzungen ermöglichen. Einführung einer Sonderbestimmung mit Schutzklauseln für einen Thurgauer Weg\"","2024/MO 21/153"
"Bürgi","Markus",,"FDP","Motion von Reto Ammann, Marcel Preiss, Gabriel Walzthöny, Markus Bürgi, Mathias Tschanen vom 7. Mai 2025 \"Brandschutz mit Augenmass muss wirtschaftliche Gebäudenutzungen ermöglichen. Einführung einer Sonderbestimmung mit Schutzklauseln für einen Thurgauer Weg\"","2024/MO 21/153"
"Tschanen","Mathias",,"SVP","Motion von Reto Ammann, Marcel Preiss, Gabriel Walzthöny, Markus Bürgi, Mathias Tschanen vom 7. Mai 2025 \"Brandschutz mit Augenmass muss wirtschaftliche Gebäudenutzungen ermöglichen. Einführung einer Sonderbestimmung mit Schutzklauseln für einen Thurgauer Weg\"","2024/MO 21/153"
"Sontheim","Marion",,"SP","Motion von Marion Sontheim, Alessandra Biondi, Stefan Wolfer, Roger Martin, Sandra Reinhart, Celina Hug vom 7. Mai 2025 \"Amtsenthebungsverfahren von Einzelmitgliedern in Exekutivämtern von Behörden auf kommunaler Ebene\"","2024/MO 22/154"
"Biondi","Alessandra",,"SP","Motion von Marion Sontheim, Alessandra Biondi, Stefan Wolfer, Roger Martin, Sandra Reinhart, Celina Hug vom 7. Mai 2025 \"Amtsenthebungsverfahren von Einzelmitgliedern in Exekutivämtern von Behörden auf kommunaler Ebene\"","2024/MO 22/154"
"Wolfer","Stefan",,"SVP","Motion von Marion Sontheim, Alessandra Biondi, Stefan Wolfer, Roger Martin, Sandra Reinhart, Celina Hug vom 7. Mai 2025 \"Amtsenthebungsverfahren von Einzelmitgliedern in Exekutivämtern von Behörden auf kommunaler Ebene\"","2024/MO 22/154"
"Martin","Roger",,"Die Mitte","Motion von Marion Sontheim, Alessandra Biondi, Stefan Wolfer, Roger Martin, Sandra Reinhart, Celina Hug vom 7. Mai 2025 \"Amtsenthebungsverfahren von Einzelmitgliedern in Exekutivämtern von Behörden auf kommunaler Ebene\"","2024/MO 22/154"
"Reinhart","Sandra",,"GRÜNE","Motion von Marion Sontheim, Alessandra Biondi, Stefan Wolfer, Roger Martin, Sandra Reinhart, Celina Hug vom 7. Mai 2025 \"Amtsenthebungsverfahren von Einzelmitgliedern in Exekutivämtern von Behörden auf kommunaler Ebene\"","2024/MO 22/154"
"Hug","Celina",,"GLP","Motion von Marion Sontheim, Alessandra Biondi, Stefan Wolfer, Roger Martin, Sandra Reinhart, Celina Hug vom 7. Mai 2025 \"Amtsenthebungsverfahren von Einzelmitgliedern in Exekutivämtern von Behörden auf kommunaler Ebene\"","2024/MO 22/154"
"Auer","Jacob",,"SP","Interpellation von Jacob Auer vom 7. Mai 2025 \"Alarmierende Arbeitsbedingungen in der 24-Stunden-Pflege\"","2024/IN 14/155"
"Schallenberg","Turi",,"SP","Interpellation von Turi Schallenberg, Kilian Imhof, Celina Hug, Thomas Niederberger, Cornelia Hauser, Alessandra Biondi vom 7. Mai 2025 \"Einbürgerungsverfahren im Kanton Thurgau\"","2024/IN 15/156"
"Imhof","Kilian",,"Die Mitte","Interpellation von Turi Schallenberg, Kilian Imhof, Celina Hug, Thomas Niederberger, Cornelia Hauser, Alessandra Biondi vom 7. Mai 2025 \"Einbürgerungsverfahren im Kanton Thurgau\"","2024/IN 15/156"
"Hug","Celina",,"GLP","Interpellation von Turi Schallenberg, Kilian Imhof, Celina Hug, Thomas Niederberger, Cornelia Hauser, Alessandra Biondi vom 7. Mai 2025 \"Einbürgerungsverfahren im Kanton Thurgau\"","2024/IN 15/156"
"Niederberger","Thomas",,"FDP","Interpellation von Turi Schallenberg, Kilian Imhof, Celina Hug, Thomas Niederberger, Cornelia Hauser, Alessandra Biondi vom 7. Mai 2025 \"Einbürgerungsverfahren im Kanton Thurgau\"","2024/IN 15/156"
"Hauser","Cornelia",,"GRÜNE","Interpellation von Turi Schallenberg, Kilian Imhof, Celina Hug, Thomas Niederberger, Cornelia Hauser, Alessandra Biondi vom 7. Mai 2025 \"Einbürgerungsverfahren im Kanton Thurgau\"","2024/IN 15/156"
"Biondi","Alessandra",,"SP","Interpellation von Turi Schallenberg, Kilian Imhof, Celina Hug, Thomas Niederberger, Cornelia Hauser, Alessandra Biondi vom 7. Mai 2025 \"Einbürgerungsverfahren im Kanton Thurgau\"","2024/IN 15/156"
"Ricklin","Judith",,"SVP","Einfache Anfrage von Judith Ricklin vom 7. Mai 2025 \"Wasserseitige Kennzeichnung der Naturschutzgebiete im Thurgau\"","2024/EA 60/157"
"Indergand","Aline",,"SVP","Einfache Anfrage von Aline Indergand vom 7. Mai 2025 \"Mehrfachausschaffungen - Wie viele Fälle ereigneten sich im Kanton Thurgau?\"","2024/EA 61/158"
"Pasche-Strasser","Corinna",,"Die Mitte","Einfache Anfrage von Corinna Pasche-Strasser, Isabelle Wepfer, Marion Sontheim vom 7. Mai 2025 \"Sicherstellung professioneller Vollkostenrechnungen der Anbieter für die Umsetzung des SOVS vor der Überführung in die Regelstruktur\"","2024/EA 62/159"
"Wepfer","Isabelle",,"Die Mitte","Einfache Anfrage von Corinna Pasche-Strasser, Isabelle Wepfer, Marion Sontheim vom 7. Mai 2025 \"Sicherstellung professioneller Vollkostenrechnungen der Anbieter für die Umsetzung des SOVS vor der Überführung in die Regelstruktur\"","2024/EA 62/159"
"Sontheim","Marion",,"SP","Einfache Anfrage von Corinna Pasche-Strasser, Isabelle Wepfer, Marion Sontheim vom 7. Mai 2025 \"Sicherstellung professioneller Vollkostenrechnungen der Anbieter für die Umsetzung des SOVS vor der Überführung in die Regelstruktur\"","2024/EA 62/159"
"Lei","Hermann",,"SVP","Einfache Anfrage von Hermann Lei vom 7. Mai 2025 \"Mehrfachausschaffungen - Welche Kosten trägt der Kanton Thurgau?\"","2024/EA 63/160"
"Häberli","Jürgen",,"SVP","Einfache Anfrage von Jürgen Häberli vom 21. Mai 2025 \"Gefälschte Ausweisdokumente und mangelnde Kontrolle – Handlungsbedarf im Kanton Thurgau?\"","2024/EA 64/166"
"Bétrisey","Karin",,"GRÜNE","Einfache Anfrage von Karin Bétrisey, Marcel Preiss vom 21. Mai 2025 \"Neue Amtsleitung Denkmalpflege Thurgau – Transparenz schaffen\"","2024/EA 65/167"
"Preiss","Marcel",,"GLP","Einfache Anfrage von Karin Bétrisey, Marcel Preiss vom 21. Mai 2025 \"Neue Amtsleitung Denkmalpflege Thurgau – Transparenz schaffen\"","2024/EA 65/167"
"Spiri","Robin","Amriswil","Aufrecht","Motion von Robin Spiri, Kenny Greber, Peter Bühler, Jürg Wiesli, Marcel Preiss, Mathis Müller vom 18. Juni 2025 \"Kein vollständiger Digitalzwang in der Verwaltung\"","2024/MO 23/172"
"Greber","Kenny","Weinfelden","SP und Gewerkschaften","Motion von Robin Spiri, Kenny Greber, Peter Bühler, Jürg Wiesli, Marcel Preiss, Mathis Müller vom 18. Juni 2025 \"Kein vollständiger Digitalzwang in der Verwaltung\"","2024/MO 23/172"
"Bühler","Peter","Ettenhausen","Die Mitte","Motion von Robin Spiri, Kenny Greber, Peter Bühler, Jürg Wiesli, Marcel Preiss, Mathis Müller vom 18. Juni 2025 \"Kein vollständiger Digitalzwang in der Verwaltung\"","2024/MO 23/172"
"Wiesli","Jürg","Dozwil","SVP","Motion von Robin Spiri, Kenny Greber, Peter Bühler, Jürg Wiesli, Marcel Preiss, Mathis Müller vom 18. Juni 2025 \"Kein vollständiger Digitalzwang in der Verwaltung\"","2024/MO 23/172"
"Preiss","Marcel","Weinfelden","GLP","Motion von Robin Spiri, Kenny Greber, Peter Bühler, Jürg Wiesli, Marcel Preiss, Mathis Müller vom 18. Juni 2025 \"Kein vollständiger Digitalzwang in der Verwaltung\"","2024/MO 23/172"
"Müller","Mathis","Pfyn","GRÜNE","Motion von Robin Spiri, Kenny Greber, Peter Bühler, Jürg Wiesli, Marcel Preiss, Mathis Müller vom 18. Juni 2025 \"Kein vollständiger Digitalzwang in der Verwaltung\"","2024/MO 23/172"
"Stadler","Sandra","Zuben","Die Mitte","Motion von Sandra Stadler, Hermann Lei, Kilian Imhof, Marc Rüdisüli, Mathias Dietz, Christian Mader, Marcel Wittwer, Ruedi Zbinden, Elisabeth Rickenbach, Michèle Strähl-Obrist vom 18. Juni 2025 \"Massnahmen des Kantons Thurgau gegen die Einführung der Individualbesteuerung\"","2024/MO 24/173"
"Lei","Hermann","Frauenfeld","SVP","Motion von Sandra Stadler, Hermann Lei, Kilian Imhof, Marc Rüdisüli, Mathias Dietz, Christian Mader, Marcel Wittwer, Ruedi Zbinden, Elisabeth Rickenbach, Michèle Strähl-Obrist vom 18. Juni 2025 \"Massnahmen des Kantons Thurgau gegen die Einführung der Individualbesteuerung\"","2024/MO 24/173"
"Imhof","Kilian","Balterswil","Die Mitte","Motion von Sandra Stadler, Hermann Lei, Kilian Imhof, Marc Rüdisüli, Mathias Dietz, Christian Mader, Marcel Wittwer, Ruedi Zbinden, Elisabeth Rickenbach, Michèle Strähl-Obrist vom 18. Juni 2025 \"Massnahmen des Kantons Thurgau gegen die Einführung der Individualbesteuerung\"","2024/MO 24/173"
"Rüdisüli","Marc","Sirnach","Die Mitte","Motion von Sandra Stadler, Hermann Lei, Kilian Imhof, Marc Rüdisüli, Mathias Dietz, Christian Mader, Marcel Wittwer, Ruedi Zbinden, Elisabeth Rickenbach, Michèle Strähl-Obrist vom 18. Juni 2025 \"Massnahmen des Kantons Thurgau gegen die Einführung der Individualbesteuerung\"","2024/MO 24/173"
"Dietz","Mathias","Eschlikon","EVP","Motion von Sandra Stadler, Hermann Lei, Kilian Imhof, Marc Rüdisüli, Mathias Dietz, Christian Mader, Marcel Wittwer, Ruedi Zbinden, Elisabeth Rickenbach, Michèle Strähl-Obrist vom 18. Juni 2025 \"Massnahmen des Kantons Thurgau gegen die Einführung der Individualbesteuerung\"","2024/MO 24/173"
"Mader","Christian","Frauenfeld","EDU","Motion von Sandra Stadler, Hermann Lei, Kilian Imhof, Marc Rüdisüli, Mathias Dietz, Christian Mader, Marcel Wittwer, Ruedi Zbinden, Elisabeth Rickenbach, Michèle Strähl-Obrist vom 18. Juni 2025 \"Massnahmen des Kantons Thurgau gegen die Einführung der Individualbesteuerung\"","2024/MO 24/173"
"Zbinden","Ruedi","Mettlen","SVP","Motion von Sandra Stadler, Hermann Lei, Kilian Imhof, Marc Rüdisüli, Mathias Dietz, Christian Mader, Marcel Wittwer, Ruedi Zbinden, Elisabeth Rickenbach, Michèle Strähl-Obrist vom 18. Juni 2025 \"Massnahmen des Kantons Thurgau gegen die Einführung der Individualbesteuerung\"","2024/MO 24/173"
"Rickenbach","Elisabeth","Frauenfeld","EVP","Motion von Sandra Stadler, Hermann Lei, Kilian Imhof, Marc Rüdisüli, Mathias Dietz, Christian Mader, Marcel Wittwer, Ruedi Zbinden, Elisabeth Rickenbach, Michèle Strähl-Obrist vom 18. Juni 2025 \"Massnahmen des Kantons Thurgau gegen die Einführung der Individualbesteuerung\"","2024/MO 24/173"
"Strähl-Obrist","Michèle","Weinfelden","FDP","Motion von Sandra Stadler, Hermann Lei, Kilian Imhof, Marc Rüdisüli, Mathias Dietz, Christian Mader, Marcel Wittwer, Ruedi Zbinden, Elisabeth Rickenbach, Michèle Strähl-Obrist vom 18. Juni 2025 \"Massnahmen des Kantons Thurgau gegen die Einführung der Individualbesteuerung\"","2024/MO 24/173"
"Pasche-Strasser","Corinna","Bischofszell","Die Mitte","Motion von Corinna Pasche-Strasser, Isabelle Wepfer, Sabina Peter Köstli vom 18. Juni 2025 \"Anpassung des Gesetzes über das Stimm- und Wahlrecht\"","2024/MO 25/174"
"Wepfer","Isabelle","Neuwilen","Die Mitte","Motion von Corinna Pasche-Strasser, Isabelle Wepfer, Sabina Peter Köstli vom 18. Juni 2025 \"Anpassung des Gesetzes über das Stimm- und Wahlrecht\"","2024/MO 25/174"
"Peter Köstli","Sabina","Hüttwilen","Die Mitte","Motion von Corinna Pasche-Strasser, Isabelle Wepfer, Sabina Peter Köstli vom 18. Juni 2025 \"Anpassung des Gesetzes über das Stimm- und Wahlrecht\"","2024/MO 25/174"
"Biondi","Alessandra","Frauenfeld","SP und Gewerkschaften","Einfache Anfrage von Alessandra Biondi, Reto Ammann vom 18. Juni 2025 \"Härtefallgesuche - Praxis im Kanton Thurgau\"","2024/EA 66/175"
"Ammann","Reto","Kreuzlingen","GLP","Einfache Anfrage von Alessandra Biondi, Reto Ammann vom 18. Juni 2025 \"Härtefallgesuche - Praxis im Kanton Thurgau\"","2024/EA 66/175"
"Stadler","Sandra","Zuben","Die Mitte","Einfache Anfrage von Sandra Stadler, Hermann Lei, Kilian Imhof, Marc Rüdisüli, Mathias Diez, Christian Mader, Marcel Wittwer, Ruedi Zbinden, Elisabeth Rickenbach, Michèle Strähl-Obrist vom 18. Juni 2025 \"Negative Auswirkungen der Individualbesteuerung für den Kanton Thurgau und ihre Gemeinden\"","2024/EA 67/176"
"Lei","Hermann","Frauenfeld","SVP","Einfache Anfrage von Sandra Stadler, Hermann Lei, Kilian Imhof, Marc Rüdisüli, Mathias Diez, Christian Mader, Marcel Wittwer, Ruedi Zbinden, Elisabeth Rickenbach, Michèle Strähl-Obrist vom 18. Juni 2025 \"Negative Auswirkungen der Individualbesteuerung für den Kanton Thurgau und ihre Gemeinden\"","2024/EA 67/176"
"Imhof","Kilian","Balterswil","Die Mitte","Einfache Anfrage von Sandra Stadler, Hermann Lei, Kilian Imhof, Marc Rüdisüli, Mathias Diez, Christian Mader, Marcel Wittwer, Ruedi Zbinden, Elisabeth Rickenbach, Michèle Strähl-Obrist vom 18. Juni 2025 \"Negative Auswirkungen der Individualbesteuerung für den Kanton Thurgau und ihre Gemeinden\"","2024/EA 67/176"
"Rüdisüli","Marc","Sirnach","Die Mitte","Einfache Anfrage von Sandra Stadler, Hermann Lei, Kilian Imhof, Marc Rüdisüli, Mathias Diez, Christian Mader, Marcel Wittwer, Ruedi Zbinden, Elisabeth Rickenbach, Michèle Strähl-Obrist vom 18. Juni 2025 \"Negative Auswirkungen der Individualbesteuerung für den Kanton Thurgau und ihre Gemeinden\"","2024/EA 67/176"
"Dietz","Mathias","Eschlikon","EVP","Einfache Anfrage von Sandra Stadler, Hermann Lei, Kilian Imhof, Marc Rüdisüli, Mathias Diez, Christian Mader, Marcel Wittwer, Ruedi Zbinden, Elisabeth Rickenbach, Michèle Strähl-Obrist vom 18. Juni 2025 \"Negative Auswirkungen der Individualbesteuerung für den Kanton Thurgau und ihre Gemeinden\"","2024/EA 67/176"
"Mader","Christian","Frauenfeld","EDU","Einfache Anfrage von Sandra Stadler, Hermann Lei, Kilian Imhof, Marc Rüdisüli, Mathias Diez, Christian Mader, Marcel Wittwer, Ruedi Zbinden, Elisabeth Rickenbach, Michèle Strähl-Obrist vom 18. Juni 2025 \"Negative Auswirkungen der Individualbesteuerung für den Kanton Thurgau und ihre Gemeinden\"","2024/EA 67/176"
"Wittwer","Marcel","Schocherswil","EDU","Einfache Anfrage von Sandra Stadler, Hermann Lei, Kilian Imhof, Marc Rüdisüli, Mathias Diez, Christian Mader, Marcel Wittwer, Ruedi Zbinden, Elisabeth Rickenbach, Michèle Strähl-Obrist vom 18. Juni 2025 \"Negative Auswirkungen der Individualbesteuerung für den Kanton Thurgau und ihre Gemeinden\"","2024/EA 67/176"
"Zbinden","Ruedi","Mettlen","SVP","Einfache Anfrage von Sandra Stadler, Hermann Lei, Kilian Imhof, Marc Rüdisüli, Mathias Diez, Christian Mader, Marcel Wittwer, Ruedi Zbinden, Elisabeth Rickenbach, Michèle Strähl-Obrist vom 18. Juni 2025 \"Negative Auswirkungen der Individualbesteuerung für den Kanton Thurgau und ihre Gemeinden\"","2024/EA 67/176"
"Rickenbach","Elisabeth","Thundorf","EVP","Einfache Anfrage von Sandra Stadler, Hermann Lei, Kilian Imhof, Marc Rüdisüli, Mathias Diez, Christian Mader, Marcel Wittwer, Ruedi Zbinden, Elisabeth Rickenbach, Michèle Strähl-Obrist vom 18. Juni 2025 \"Negative Auswirkungen der Individualbesteuerung für den Kanton Thurgau und ihre Gemeinden\"","2024/EA 67/176"
"Strähl-Obrist","Michèle","Weinfelden","FDP","Einfache Anfrage von Sandra Stadler, Hermann Lei, Kilian Imhof, Marc Rüdisüli, Mathias Diez, Christian Mader, Marcel Wittwer, Ruedi Zbinden, Elisabeth Rickenbach, Michèle Strähl-Obrist vom 18. Juni 2025 \"Negative Auswirkungen der Individualbesteuerung für den Kanton Thurgau und ihre Gemeinden\"","2024/EA 67/176"
"Hauser","Cornelia","Weinfelden","GRÜNE","Einfache Anfrage von Cornelia Hauser vom 18. Juni 2025 \"Case Management Gesundheit für Asylpersonen\"","2024/EA 68/177"
"Spiri","Robin",,"Aufrecht","Motion von Robin Spiri, Marcel Wittwer, Oliver Martin vom 2. Juli 2025 \"Keine politischen Fahnen an Schulen - Dafür die Thurgauer Fahne stärken\"","2024/MO 26/181"
"Wittwer","Marcel",,"EDU","Motion von Robin Spiri, Marcel Wittwer, Oliver Martin vom 2. Juli 2025 \"Keine politischen Fahnen an Schulen - Dafür die Thurgauer Fahne stärken\"","2024/MO 26/181"
"Martin","Oliver",,"SVP","Motion von Robin Spiri, Marcel Wittwer, Oliver Martin vom 2. Juli 2025 \"Keine politischen Fahnen an Schulen - Dafür die Thurgauer Fahne stärken\"","2024/MO 26/181"
"Stieger","Roger",,"EVP","Motion von Roger Stieger, Oliver Martin, Marcel Wittwer vom 2. Juli 2025 \"Gleichbehandlung bei der Strassenverkehrssteuer - Abschaffung von Bonus und Malus für Elektro- und fossilbetriebene Fahrzeuge\"","2024/MO 27/182"
"Martin","Oliver",,"SVP","Motion von Roger Stieger, Oliver Martin, Marcel Wittwer vom 2. Juli 2025 \"Gleichbehandlung bei der Strassenverkehrssteuer - Abschaffung von Bonus und Malus für Elektro- und fossilbetriebene Fahrzeuge\"","2024/MO 27/182"
"Wittwer","Marcel",,"EDU","Motion von Roger Stieger, Oliver Martin, Marcel Wittwer vom 2. Juli 2025 \"Gleichbehandlung bei der Strassenverkehrssteuer - Abschaffung von Bonus und Malus für Elektro- und fossilbetriebene Fahrzeuge\"","2024/MO 27/182"
"Haldemann","Peter",,"SVP","Einfache Anfrage von Peter Haldemann, Ulrich Marti vom 2. Juli 2025 \"Strategie Grundstückserwerb des Kanton Thurgau\"","2024/EA 69/183"
"Marti","Ulrich",,"SVP","Einfache Anfrage von Peter Haldemann, Ulrich Marti vom 2. Juli 2025 \"Strategie Grundstückserwerb des Kanton Thurgau\"","2024/EA 69/183"
"Martin","Oliver",,"SVP","Einfache Anfrage von Oliver Martin, Stephanie Eberle, Hermann Lei, Marcel Wittwer vom 2. Juli 2025 \"Dragqueens in unserer Volksschule - Rolle, pädagogischer Mehrwert und Grenzen\"","2024/EA 70/184"
"Eberle","Stephanie",,"SVP","Einfache Anfrage von Oliver Martin, Stephanie Eberle, Hermann Lei, Marcel Wittwer vom 2. Juli 2025 \"Dragqueens in unserer Volksschule - Rolle, pädagogischer Mehrwert und Grenzen\"","2024/EA 70/184"
"Lei","Hermann",,"SVP","Einfache Anfrage von Oliver Martin, Stephanie Eberle, Hermann Lei, Marcel Wittwer vom 2. Juli 2025 \"Dragqueens in unserer Volksschule - Rolle, pädagogischer Mehrwert und Grenzen\"","2024/EA 70/184"
"Wittwer","Marcel",,"EDU","Einfache Anfrage von Oliver Martin, Stephanie Eberle, Hermann Lei, Marcel Wittwer vom 2. Juli 2025 \"Dragqueens in unserer Volksschule - Rolle, pädagogischer Mehrwert und Grenzen\"","2024/EA 70/184"
"Bétrisey","Karin",,"GRÜNE","Einfache Anfrage von Karin Bétrisey, Stefan Leuthold, Markus Brüllmann vom 2. Juli 2025 \"Haltung des Regierungsrats zur OLS - Transparenz schaffen\"","2024/EA 72/186"
"Leuthold","Stefan",,"GLP","Einfache Anfrage von Karin Bétrisey, Stefan Leuthold, Markus Brüllmann vom 2. Juli 2025 \"Haltung des Regierungsrats zur OLS - Transparenz schaffen\"","2024/EA 72/186"
"Brüllmann","Markus",,"SP","Einfache Anfrage von Karin Bétrisey, Stefan Leuthold, Markus Brüllmann vom 2. Juli 2025 \"Haltung des Regierungsrats zur OLS - Transparenz schaffen\"","2024/EA 72/186"
